"name","mz","rt","MS2.spectrum.name","Candidate.number","Identification"
"pHILIC_199.0825_1.5",199.0825,90,"",3,"Compound.name:Cymoxanil;CAS.ID:NA;HMDB.ID:NA;KEGG.ID:NA;Lab.ID:Cymoxanil;Adduct:(M+H)+;mz.error: 0.50;RT.error:NA;mz.match.score:0.9998000;RT.match.score:NA;Total.score:0.9998000;CE:NA;SS:0;MS2.spectra.name:NA;Database:list1_ms1_database;Dataset.index:1{}Compound.name:N-Nitrosodiphenylamine;CAS.ID:NA;HMDB.ID:NA;KEGG.ID:NA;Lab.ID:N-Nitrosodiphenylamine;Adduct:(M+H)+;mz.error: 9.50;RT.error:NA;mz.match.score:0.9303448;RT.match.score:NA;Total.score:0.9303448;CE:NA;SS:0;MS2.spectra.name:NA;Database:list2_ms1_database;Dataset.index:2"
"pHILIC_137.0457_3.1",137.0457,186,"",3,"Compound.name:Allopurinol;CAS.ID:NA;HMDB.ID:NA;KEGG.ID:NA;Lab.ID:T3D3477;Adduct:(M+H)+;mz.error:0.276925;RT.error:NA;mz.match.score:0.9999387;RT.match.score:NA;Total.score:0.9999387;CE:NA;SS:0;MS2.spectra.name:NA;Database:t3db_ms1_database;Dataset.index:4{}Compound.name:Hypoxanthine;CAS.ID:NA;HMDB.ID:NA;KEGG.ID:NA;Lab.ID:T3D4150;Adduct:(M+H)+;mz.error:0.276925;RT.error:NA;mz.match.score:0.9999387;RT.match.score:NA;Total.score:0.9999387;CE:NA;SS:0;MS2.spectra.name:NA;Database:t3db_ms1_database;Dataset.index:4"
"pHILIC_223.1438_4.1",223.1438,246,"",3,"Compound.name:Mexacarbate;CAS.ID:NA;HMDB.ID:NA;KEGG.ID:NA;Lab.ID:Mexacarbate;Adduct:(M+H)+;mz.error:1.250000;RT.error:NA;mz.match.score:0.9987508;RT.match.score:NA;Total.score:0.9987508;CE:NA;SS:0;MS2.spectra.name:NA;Database:list1_ms1_database;Dataset.index:1{}Compound.name:Mexacarbate;CAS.ID:NA;HMDB.ID:NA;KEGG.ID:NA;Lab.ID:T3D0986;Adduct:(M+H)+;mz.error:0.819575;RT.error:NA;mz.match.score:0.9994628;RT.match.score:NA;Total.score:0.9994628;CE:NA;SS:0;MS2.spectra.name:NA;Database:t3db_ms1_database;Dataset.index:4{}Compound.name:Isophorone diisocyanate;CAS.ID:NA;HMDB.ID:NA;KEGG.ID:NA;Lab.ID:T3D1662;Adduct:(M+H)+;mz.error:0.819575;RT.error:NA;mz.match.score:0.9994628;RT.match.score:NA;Total.score:0.9994628;CE:NA;SS:0;MS2.spectra.name:NA;Database:t3db_ms1_database;Dataset.index:4"
"pHILIC_585.2694_4.9",585.2694,294,"",3,"Compound.name:Bilirubin;CAS.ID:NA;HMDB.ID:NA;KEGG.ID:NA;Lab.ID:T3D4350;Adduct:(M+H)+;mz.error:2.3662676;RT.error:NA;mz.match.score:0.9955306;RT.match.score:NA;Total.score:0.9955306;CE:NA;SS:0;MS2.spectra.name:NA;Database:t3db_ms1_database;Dataset.index:4"
"pHILIC_310.1756_5.8",310.1756,348,"",3,"Compound.name:Isopropalin;CAS.ID:NA;HMDB.ID:NA;KEGG.ID:NA;Lab.ID:Isopropalin;Adduct:(M+H)+;mz.error:1.500000;RT.error:NA;mz.match.score:0.9982016;RT.match.score:NA;Total.score:0.9982016;CE:NA;SS:0;MS2.spectra.name:NA;Database:list2_ms1_database;Dataset.index:2"
"pHILIC_224.1278_6.2",224.1278,372,"",3,"Compound.name:Mepanipyrim;CAS.ID:NA;HMDB.ID:NA;KEGG.ID:NA;Lab.ID:Mepanipyrim;Adduct:(M+H)+;mz.error:23.75;RT.error:NA;mz.match.score:0.6368316;RT.match.score:NA;Total.score:0.6368316;CE:NA;SS:0;MS2.spectra.name:NA;Database:list1_ms1_database;Dataset.index:1"
"pHILIC_221.0917_6.6",221.0917,396,"",3,"Compound.name:5-Hydroxy-L-tryptophan;CAS.ID:NA;HMDB.ID:NA;KEGG.ID:NA;Lab.ID:T3D4298;Adduct:(M+H)+;mz.error:0.9806500;RT.error:NA;mz.match.score:0.9992310;RT.match.score:NA;Total.score:0.9992310;CE:NA;SS:0;MS2.spectra.name:NA;Database:t3db_ms1_database;Dataset.index:4"
"pHILIC_130.0863_6.6",130.0863,396,"",3,"Compound.name:Vigabatrin;CAS.ID:NA;HMDB.ID:NA;KEGG.ID:NA;Lab.ID:T3D2977;Adduct:(M+H)+;mz.error:0.0534975;RT.error:NA;mz.match.score:0.9999977;RT.match.score:NA;Total.score:0.9999977;CE:NA;SS:0;MS2.spectra.name:NA;Database:t3db_ms1_database;Dataset.index:4"
"pHILIC_205.0969_6.7",205.0969,402,"",3,"Compound.name:(4E)-4-(Nitromethylidene)-1,2,3,5-tetrahydro-3-benzazepine;CAS.ID:NA;HMDB.ID:NA;KEGG.ID:NA;Lab.ID:T3D1054;Adduct:(M+H)+;mz.error:0.694095;RT.error:NA;mz.match.score:0.9996147;RT.match.score:NA;Total.score:0.9996147;CE:NA;SS:0;MS2.spectra.name:NA;Database:t3db_ms1_database;Dataset.index:4{}Compound.name:Ethotoin;CAS.ID:NA;HMDB.ID:NA;KEGG.ID:NA;Lab.ID:T3D2883;Adduct:(M+H)+;mz.error:0.694095;RT.error:NA;mz.match.score:0.9996147;RT.match.score:NA;Total.score:0.9996147;CE:NA;SS:0;MS2.spectra.name:NA;Database:t3db_ms1_database;Dataset.index:4{}Compound.name:L-Tryptophan;CAS.ID:NA;HMDB.ID:NA;KEGG.ID:NA;Lab.ID:T3D4369;Adduct:(M+H)+;mz.error:0.694095;RT.error:NA;mz.match.score:0.9996147;RT.match.score:NA;Total.score:0.9996147;CE:NA;SS:0;MS2.spectra.name:NA;Database:t3db_ms1_database;Dataset.index:4"
"pHILIC_200.128_6.8",200.128,408,"",3,"Compound.name:Pyrimethanil;CAS.ID:NA;HMDB.ID:NA;KEGG.ID:NA;Lab.ID:Pyrimethanil;Adduct:(M+H)+;mz.error:24.25000;RT.error:NA;mz.match.score:0.6247211;RT.match.score:NA;Total.score:0.6247211;CE:NA;SS:0;MS2.spectra.name:NA;Database:list1_ms1_database;Dataset.index:1{}Compound.name:Pyrimethanil;CAS.ID:NA;HMDB.ID:NA;KEGG.ID:NA;Lab.ID:Pyrimethanil;Adduct:(M+H)+;mz.error:24.50000;RT.error:NA;mz.match.score:0.6186596;RT.match.score:NA;Total.score:0.6186596;CE:NA;SS:0;MS2.spectra.name:NA;Database:list2_ms1_database;Dataset.index:2"
"pHILIC_150.0581_7",150.0581,420,"",3,"Compound.name:L-Methionine;CAS.ID:NA;HMDB.ID:NA;KEGG.ID:NA;Lab.ID:T3D4328;Adduct:(M+H)+;mz.error: 0.6232275;RT.error:NA;mz.match.score:0.9996893;RT.match.score:NA;Total.score:0.9996893;CE:NA;SS:0;MS2.spectra.name:NA;Database:t3db_ms1_database;Dataset.index:4"
"pHILIC_118.0861_7",118.0861,420,"",3,"Compound.name:L-Valine;CAS.ID:NA;HMDB.ID:NA;KEGG.ID:NA;Lab.ID:T3D4370;Adduct:(M+H)+;mz.error:0.4465025;RT.error:NA;mz.match.score:0.9998405;RT.match.score:NA;Total.score:0.9998405;CE:NA;SS:0;MS2.spectra.name:NA;Database:t3db_ms1_database;Dataset.index:4"
"pHILIC_203.0813_7.2",203.0813,432,"",3,"Compound.name:Fluoranthene;CAS.ID:NA;HMDB.ID:NA;KEGG.ID:NA;Lab.ID:Fluoranthene;Adduct:(M+H)+;mz.error:10.000000;RT.error:NA;mz.match.score:0.9231163;RT.match.score:NA;Total.score:0.9231163;CE:NA;SS:0;MS2.spectra.name:NA;Database:list2_ms1_database;Dataset.index:2{}Compound.name:Pyrene;CAS.ID:NA;HMDB.ID:NA;KEGG.ID:NA;Lab.ID:Pyrene;Adduct:(M+H)+;mz.error:10.000000;RT.error:NA;mz.match.score:0.9231163;RT.match.score:NA;Total.score:0.9231163;CE:NA;SS:0;MS2.spectra.name:NA;Database:list2_ms1_database;Dataset.index:2"
"pHILIC_163.0534_7.5",163.0534,450,"",3,"Compound.name:Methomyl;CAS.ID:NA;HMDB.ID:NA;KEGG.ID:NA;Lab.ID:Methomyl;Adduct:(M+H)+;mz.error: 0.25;RT.error:NA;mz.match.score:0.9999500;RT.match.score:NA;Total.score:0.9999500;CE:NA;SS:0;MS2.spectra.name:NA;Database:list1_ms1_database;Dataset.index:1"
"pHILIC_221.0918_7.5",221.0918,450,"",3,"Compound.name:5-Hydroxy-L-tryptophan;CAS.ID:NA;HMDB.ID:NA;KEGG.ID:NA;Lab.ID:T3D4298;Adduct:(M+H)+;mz.error:0.7306500;RT.error:NA;mz.match.score:0.9995730;RT.match.score:NA;Total.score:0.9995730;CE:NA;SS:0;MS2.spectra.name:NA;Database:t3db_ms1_database;Dataset.index:4"
"pHILIC_171.0763_7.5",171.0763,450,"",3,"Compound.name:ortho-Phenylphenol;CAS.ID:NA;HMDB.ID:NA;KEGG.ID:NA;Lab.ID:ortho-Phenylphenol;Adduct:(M+H)+;mz.error:10.0;RT.error:NA;mz.match.score:0.9231163;RT.match.score:NA;Total.score:0.9231163;CE:NA;SS:0;MS2.spectra.name:NA;Database:list1_ms1_database;Dataset.index:1{}Compound.name:2-Phenylphenol;CAS.ID:NA;HMDB.ID:NA;KEGG.ID:NA;Lab.ID:2-Phenylphenol;Adduct:(M+H)+;mz.error:10.5;RT.error:NA;mz.match.score:0.9155777;RT.match.score:NA;Total.score:0.9155777;CE:NA;SS:0;MS2.spectra.name:NA;Database:list2_ms1_database;Dataset.index:2"
"pHILIC_299.1383_7.5",299.1383,450,"",3,"Compound.name:Saxitoxin;CAS.ID:NA;HMDB.ID:NA;KEGG.ID:NA;Lab.ID:Saxitoxin;Adduct:(M+H)+;mz.error:9.357759;RT.error:NA;mz.match.score:0.9323434;RT.match.score:NA;Total.score:0.9323434;CE:NA;SS:0;MS2.spectra.name:NA;Database:select_exposome_ms1_database;Dataset.index:3"
"pHILIC_152.0705_7.6",152.0705,456,"",3,"Compound.name:Tetrahydrophthalimide;CAS.ID:NA;HMDB.ID:NA;KEGG.ID:NA;Lab.ID:Tetrahydrophthalimide;Adduct:(M+H)+;mz.error:0.25000;RT.error:NA;mz.match.score:0.9999500;RT.match.score:NA;Total.score:0.9999500;CE:NA;SS:0;MS2.spectra.name:NA;Database:list2_ms1_database;Dataset.index:2"
"pHILIC_139.0501_7.6",139.0501,456,"",3,"Compound.name:2-Nitroaniline;CAS.ID:NA;HMDB.ID:NA;KEGG.ID:NA;Lab.ID:2-Nitroaniline;Adduct:(M+H)+;mz.error:0.5;RT.error:NA;mz.match.score:0.9998;RT.match.score:NA;Total.score:0.9998;CE:NA;SS:0;MS2.spectra.name:NA;Database:list2_ms1_database;Dataset.index:2{}Compound.name:3-Nitroaniline;CAS.ID:NA;HMDB.ID:NA;KEGG.ID:NA;Lab.ID:3-Nitroaniline;Adduct:(M+H)+;mz.error:0.5;RT.error:NA;mz.match.score:0.9998;RT.match.score:NA;Total.score:0.9998;CE:NA;SS:0;MS2.spectra.name:NA;Database:list2_ms1_database;Dataset.index:2{}Compound.name:4-Nitroaniline;CAS.ID:NA;HMDB.ID:NA;KEGG.ID:NA;Lab.ID:4-Nitroaniline;Adduct:(M+H)+;mz.error:0.5;RT.error:NA;mz.match.score:0.9998;RT.match.score:NA;Total.score:0.9998;CE:NA;SS:0;MS2.spectra.name:NA;Database:list2_ms1_database;Dataset.index:2"
"pHILIC_182.081_7.7",182.081,462,"",3,"Compound.name:L-Tyrosine;CAS.ID:NA;HMDB.ID:NA;KEGG.ID:NA;Lab.ID:T3D4371;Adduct:(M+H)+;mz.error:0.4830575;RT.error:NA;mz.match.score:0.9998133;RT.match.score:NA;Total.score:0.9998133;CE:NA;SS:0;MS2.spectra.name:NA;Database:t3db_ms1_database;Dataset.index:4"
"pHILIC_104.0705_8.1",104.0705,486,"",3,"Compound.name:Gamma-Aminobutyric acid;CAS.ID:NA;HMDB.ID:NA;KEGG.ID:NA;Lab.ID:T3D4250;Adduct:(M+H)+;mz.error:0.3213425;RT.error:NA;mz.match.score:0.9999174;RT.match.score:NA;Total.score:0.9999174;CE:NA;SS:0;MS2.spectra.name:NA;Database:t3db_ms1_database;Dataset.index:4"
"pHILIC_269.1239_8.3",269.1239,498,"",3,"Compound.name:Dexrazoxane;CAS.ID:NA;HMDB.ID:NA;KEGG.ID:NA;Lab.ID:T3D2771;Adduct:(M+H)+;mz.error: 1.38755;RT.error:NA;mz.match.score:0.9984609;RT.match.score:NA;Total.score:0.9984609;CE:NA;SS:0;MS2.spectra.name:NA;Database:t3db_ms1_database;Dataset.index:4"
"pHILIC_143.0815_8.5",143.0815,510,"",3,"Compound.name:2-Methylnaphthalene;CAS.ID:NA;HMDB.ID:NA;KEGG.ID:NA;Lab.ID:2-Methylnaphthalene;Adduct:(M+H)+;mz.error:9.500000;RT.error:NA;mz.match.score:0.9303448;RT.match.score:NA;Total.score:0.9303448;CE:NA;SS:0;MS2.spectra.name:NA;Database:list2_ms1_database;Dataset.index:2{}Compound.name:(2Z)-1-Methyl-2-(nitromethylidene)pyrrolidine;CAS.ID:NA;HMDB.ID:NA;KEGG.ID:NA;Lab.ID:T3D1047;Adduct:(M+H)+;mz.error:0.068935;RT.error:NA;mz.match.score:0.9999962;RT.match.score:NA;Total.score:0.9999962;CE:NA;SS:0;MS2.spectra.name:NA;Database:t3db_ms1_database;Dataset.index:4"
"pHILIC_170.0923_8.5",170.0923,510,"",3,"Compound.name:Diphenylamine;CAS.ID:NA;HMDB.ID:NA;KEGG.ID:NA;Lab.ID:Diphenylamine;Adduct:(M+H)+;mz.error:10.25;RT.error:NA;mz.match.score:0.9193853;RT.match.score:NA;Total.score:0.9193853;CE:NA;SS:0;MS2.spectra.name:NA;Database:list2_ms1_database;Dataset.index:2"
"pHILIC_132.0766_9",132.0766,540,"",3,"Compound.name:Creatine;CAS.ID:NA;HMDB.ID:NA;KEGG.ID:NA;Lab.ID:T3D4290;Adduct:(M+H)+;mz.error: 0.4413675;RT.error:NA;mz.match.score:0.9998442;RT.match.score:NA;Total.score:0.9998442;CE:NA;SS:0;MS2.spectra.name:NA;Database:t3db_ms1_database;Dataset.index:4"
"pHILIC_249.1078_10.4",249.1078,624,"",3,"Compound.name:Mono-cyclohexyl phthalate (MCHP);CAS.ID:NA;HMDB.ID:NA;KEGG.ID:NA;Lab.ID:Mono-cyclohexyl phthalate (MCHP);Adduct:(M+H)+;mz.error:11.250000;RT.error:NA;mz.match.score:0.9037071;RT.match.score:NA;Total.score:0.9037071;CE:NA;SS:0;MS2.spectra.name:NA;Database:list1_ms1_database;Dataset.index:1"
"pHILIC_229.1181_10.5",229.1181,630,"",3,"Compound.name:Bisphenol A;CAS.ID:NA;HMDB.ID:NA;KEGG.ID:NA;Lab.ID:Bisphenol A;Adduct:(M+H)+;mz.error:10.5;RT.error:NA;mz.match.score:0.9155777;RT.match.score:NA;Total.score:0.9155777;CE:NA;SS:0;MS2.spectra.name:NA;Database:list1_ms1_database;Dataset.index:1{}Compound.name:Tebuthiuron;CAS.ID:NA;HMDB.ID:NA;KEGG.ID:NA;Lab.ID:Tebuthiuron;Adduct:(M+H)+;mz.error:17.0;RT.error:NA;mz.match.score:0.7935807;RT.match.score:NA;Total.score:0.7935807;CE:NA;SS:0;MS2.spectra.name:NA;Database:list1_ms1_database;Dataset.index:1"
"pHILIC_249.1077_10.8",249.1077,648,"",3,"Compound.name:Mono-cyclohexyl phthalate (MCHP);CAS.ID:NA;HMDB.ID:NA;KEGG.ID:NA;Lab.ID:Mono-cyclohexyl phthalate (MCHP);Adduct:(M+H)+;mz.error:11.500000;RT.error:NA;mz.match.score:0.8996046;RT.match.score:NA;Total.score:0.8996046;CE:NA;SS:0;MS2.spectra.name:NA;Database:list1_ms1_database;Dataset.index:1"
"pHILIC_229.1181_10.9",229.1181,654,"",3,"Compound.name:Bisphenol A;CAS.ID:NA;HMDB.ID:NA;KEGG.ID:NA;Lab.ID:Bisphenol A;Adduct:(M+H)+;mz.error:10.5;RT.error:NA;mz.match.score:0.9155777;RT.match.score:NA;Total.score:0.9155777;CE:NA;SS:0;MS2.spectra.name:NA;Database:list1_ms1_database;Dataset.index:1{}Compound.name:Tebuthiuron;CAS.ID:NA;HMDB.ID:NA;KEGG.ID:NA;Lab.ID:Tebuthiuron;Adduct:(M+H)+;mz.error:17.0;RT.error:NA;mz.match.score:0.7935807;RT.match.score:NA;Total.score:0.7935807;CE:NA;SS:0;MS2.spectra.name:NA;Database:list1_ms1_database;Dataset.index:1"
"pHILIC_337.1234_11.6",337.1234,696,"",3,"Compound.name:Fenbuconazole;CAS.ID:NA;HMDB.ID:NA;KEGG.ID:NA;Lab.ID:Fenbuconazole;Adduct:(M+H)+;mz.error: 5.25;RT.error:NA;mz.match.score:0.9781913;RT.match.score:NA;Total.score:0.9781913;CE:NA;SS:0;MS2.spectra.name:NA;Database:list1_ms1_database;Dataset.index:1"
"pHILIC_210.1497_12.7",210.1497,762,"",2,"Compound.name:Octyl cyanoacrylate;CAS.ID:NA;HMDB.ID:NA;KEGG.ID:NA;Lab.ID:T3D1706;Adduct:(M+H)+;mz.error:2.052857;RT.error:NA;mz.match.score:0.9966343;RT.match.score:NA;Total.score:0.9966343;CE:NA;SS:0;MS2.spectra.name:NA;Database:t3db_ms1_database;Dataset.index:4"
"pHILIC_203.1501_13.6",203.1501,816,"",3,"Compound.name:Asymmetric dimethylarginine;CAS.ID:NA;HMDB.ID:NA;KEGG.ID:NA;Lab.ID:T3D4171;Adduct:(M+H)+;mz.error:0.4396000;RT.error:NA;mz.match.score:0.9998454;RT.match.score:NA;Total.score:0.9998454;CE:NA;SS:0;MS2.spectra.name:NA;Database:t3db_ms1_database;Dataset.index:4{}Compound.name:Symmetric dimethylarginine;CAS.ID:NA;HMDB.ID:NA;KEGG.ID:NA;Lab.ID:T3D4176;Adduct:(M+H)+;mz.error:0.4396000;RT.error:NA;mz.match.score:0.9998454;RT.match.score:NA;Total.score:0.9998454;CE:NA;SS:0;MS2.spectra.name:NA;Database:t3db_ms1_database;Dataset.index:4"
"pHILIC_175.1188_15.1",175.1188,906,"",3,"Compound.name:L-Arginine;CAS.ID:NA;HMDB.ID:NA;KEGG.ID:NA;Lab.ID:T3D4289;Adduct:(M+H)+;mz.error: 0.43928;RT.error:NA;mz.match.score:0.9998456;RT.match.score:NA;Total.score:0.9998456;CE:NA;SS:0;MS2.spectra.name:NA;Database:t3db_ms1_database;Dataset.index:4"
"pHILIC_189.1596_18.3",189.1596,1098,"",3,"Compound.name:Propamocarb;CAS.ID:NA;HMDB.ID:NA;KEGG.ID:NA;Lab.ID:Propamocarb;Adduct:(M+H)+;mz.error: 0.75;RT.error:NA;mz.match.score:0.9995501;RT.match.score:NA;Total.score:0.9995501;CE:NA;SS:0;MS2.spectra.name:NA;Database:list1_ms1_database;Dataset.index:1"
"pRPLC_162.1123_0.6",162.1123,36,"",2,"Compound.name:L-Carnitine;CAS.ID:NA;HMDB.ID:NA;KEGG.ID:NA;Lab.ID:T3D2832;Adduct:(M+H)+;mz.error: 0.4833775;RT.error:NA;mz.match.score:0.9998131;RT.match.score:NA;Total.score:0.9998131;CE:NA;SS:0;MS2.spectra.name:NA;Database:t3db_ms1_database;Dataset.index:4"
"pRPLC_100.0756_1.2",100.0756,72,"",3,"Compound.name:n-Butyl isocyanate;CAS.ID:NA;HMDB.ID:NA;KEGG.ID:NA;Lab.ID:T3D1666;Adduct:(M+H)+;mz.error:0.2847875;RT.error:NA;mz.match.score:0.9999351;RT.match.score:NA;Total.score:0.9999351;CE:NA;SS:0;MS2.spectra.name:NA;Database:t3db_ms1_database;Dataset.index:4"
"pRPLC_153.0658_1.2",153.0658,72,"",3,"Compound.name:Acenaphthylene;CAS.ID:NA;HMDB.ID:NA;KEGG.ID:NA;Lab.ID:Acenaphthylene;Adduct:(M+H)+;mz.error:11.25;RT.error:NA;mz.match.score:0.9037071;RT.match.score:NA;Total.score:0.9037071;CE:NA;SS:0;MS2.spectra.name:NA;Database:list2_ms1_database;Dataset.index:2"
"pRPLC_153.0658_1.7",153.0658,102,"",3,"Compound.name:Acenaphthylene;CAS.ID:NA;HMDB.ID:NA;KEGG.ID:NA;Lab.ID:Acenaphthylene;Adduct:(M+H)+;mz.error:11.25;RT.error:NA;mz.match.score:0.9037071;RT.match.score:NA;Total.score:0.9037071;CE:NA;SS:0;MS2.spectra.name:NA;Database:list2_ms1_database;Dataset.index:2"
"pRPLC_313.1548_3.5",313.1548,210,"",3,"Compound.name:Olanzapine;CAS.ID:NA;HMDB.ID:NA;KEGG.ID:NA;Lab.ID:T3D2754;Adduct:(M+H)+;mz.error:16.58163;RT.error:NA;mz.match.score:0.8025507;RT.match.score:NA;Total.score:0.8025507;CE:NA;SS:0;MS2.spectra.name:NA;Database:t3db_ms1_database;Dataset.index:4"
"pRPLC_211.1441_4.4",211.1441,264,"",3,"Compound.name:(3Z)-2-Ethyl-3-(nitromethylidene)-3a,4,5,6,7,7a-hexahydro-1H-isoindole;CAS.ID:NA;HMDB.ID:NA;KEGG.ID:NA;Lab.ID:T3D1066;Adduct:(M+H)+;mz.error:0.069575;RT.error:NA;mz.match.score:0.9999961;RT.match.score:NA;Total.score:0.9999961;CE:NA;SS:0;MS2.spectra.name:NA;Database:t3db_ms1_database;Dataset.index:4"
"pRPLC_195.0875_4.6",195.0875,276,"",3,"Compound.name:Caffeine;CAS.ID:NA;HMDB.ID:NA;KEGG.ID:NA;Lab.ID:T3D2712;Adduct:(M+H)+;mz.error: 0.438960;RT.error:NA;mz.match.score:0.9998459;RT.match.score:NA;Total.score:0.9998459;CE:NA;SS:0;MS2.spectra.name:NA;Database:t3db_ms1_database;Dataset.index:4{}Compound.name:9-Hydroxyphenanthrene;CAS.ID:NA;HMDB.ID:NA;KEGG.ID:NA;Lab.ID:T3D4991;Adduct:(M+H)+;mz.error:17.587645;RT.error:NA;mz.match.score:0.7807813;RT.match.score:NA;Total.score:0.7807813;CE:NA;SS:0;MS2.spectra.name:NA;Database:t3db_ms1_database;Dataset.index:4"
"pRPLC_211.144_4.6",211.144,276,"",3,"Compound.name:(3Z)-2-Ethyl-3-(nitromethylidene)-3a,4,5,6,7,7a-hexahydro-1H-isoindole;CAS.ID:NA;HMDB.ID:NA;KEGG.ID:NA;Lab.ID:T3D1066;Adduct:(M+H)+;mz.error:0.319575;RT.error:NA;mz.match.score:0.9999183;RT.match.score:NA;Total.score:0.9999183;CE:NA;SS:0;MS2.spectra.name:NA;Database:t3db_ms1_database;Dataset.index:4"
"pRPLC_413.207_4.8",413.207,288,"",2,"Compound.name:Adapalene;CAS.ID:NA;HMDB.ID:NA;KEGG.ID:NA;Lab.ID:T3D4673;Adduct:(M+H)+;mz.error:10.030716;RT.error:NA;mz.match.score:0.9226621;RT.match.score:NA;Total.score:0.9226621;CE:NA;SS:0;MS2.spectra.name:NA;Database:t3db_ms1_database;Dataset.index:4"
"pRPLC_301.1185_5.8",301.1185,348,"",3,"Compound.name:Desmedipham;CAS.ID:NA;HMDB.ID:NA;KEGG.ID:NA;Lab.ID:Desmedipham;Adduct:(M+H)+;mz.error:0.50;RT.error:NA;mz.match.score:0.9998000;RT.match.score:NA;Total.score:0.9998000;CE:NA;SS:0;MS2.spectra.name:NA;Database:list1_ms1_database;Dataset.index:1{}Compound.name:Phenmedipham;CAS.ID:NA;HMDB.ID:NA;KEGG.ID:NA;Lab.ID:Phenmedipham;Adduct:(M+H)+;mz.error:0.50;RT.error:NA;mz.match.score:0.9998000;RT.match.score:NA;Total.score:0.9998000;CE:NA;SS:0;MS2.spectra.name:NA;Database:list1_ms1_database;Dataset.index:1"
"pRPLC_283.1541_8.3",283.1541,498,"",3,"Compound.name:Octyl gallate;CAS.ID:NA;HMDB.ID:NA;KEGG.ID:NA;Lab.ID:T3D4831;Adduct:(M+H)+;mz.error:0.190465;RT.error:NA;mz.match.score:0.9999710;RT.match.score:NA;Total.score:0.9999710;CE:NA;SS:0;MS2.spectra.name:NA;Database:t3db_ms1_database;Dataset.index:4"
"pRPLC_286.1439_8.4",286.1439,504,"",3,"Compound.name:Morphine;CAS.ID:NA;HMDB.ID:NA;KEGG.ID:NA;Lab.ID:T3D2740;Adduct:(M+H)+;mz.error: 0.2663025;RT.error:NA;mz.match.score:0.9999433;RT.match.score:NA;Total.score:0.9999433;CE:NA;SS:0;MS2.spectra.name:NA;Database:t3db_ms1_database;Dataset.index:4"
"pRPLC_286.1439_8.5",286.1439,510,"",3,"Compound.name:Morphine;CAS.ID:NA;HMDB.ID:NA;KEGG.ID:NA;Lab.ID:T3D2740;Adduct:(M+H)+;mz.error: 0.2663025;RT.error:NA;mz.match.score:0.9999433;RT.match.score:NA;Total.score:0.9999433;CE:NA;SS:0;MS2.spectra.name:NA;Database:t3db_ms1_database;Dataset.index:4"
"pRPLC_239.1642_8.9",239.1642,534,"",3,"Compound.name:Agroclavine;CAS.ID:NA;HMDB.ID:NA;KEGG.ID:NA;Lab.ID:T3D3692;Adduct:(M+H)+;mz.error:24.753535;RT.error:NA;mz.match.score:0.6125100;RT.match.score:NA;Total.score:0.6125100;CE:NA;SS:0;MS2.spectra.name:NA;Database:t3db_ms1_database;Dataset.index:4"
"pRPLC_468.3085_9.3",468.3085,558,"",1,"Compound.name:Buprenorphine;CAS.ID:NA;HMDB.ID:NA;KEGG.ID:NA;Lab.ID:T3D2932;Adduct:(M+H)+;mz.error:5.036861;RT.error:NA;mz.match.score:0.9799086;RT.match.score:NA;Total.score:0.9799086;CE:NA;SS:0;MS2.spectra.name:NA;Database:t3db_ms1_database;Dataset.index:4"
"pRPLC_417.3362_9.5",417.3362,570,"",2,"Compound.name:Calcitriol;CAS.ID:NA;HMDB.ID:NA;KEGG.ID:NA;Lab.ID:T3D2692;Adduct:(M+H)+;mz.error: 0.3480982;RT.error:NA;mz.match.score:0.9999031;RT.match.score:NA;Total.score:0.9999031;CE:NA;SS:0;MS2.spectra.name:NA;Database:t3db_ms1_database;Dataset.index:4"
"pRPLC_502.2927_9.7",502.2927,582,"",3,"Compound.name:Fexofenadine;CAS.ID:NA;HMDB.ID:NA;KEGG.ID:NA;Lab.ID:T3D2938;Adduct:(M+H)+;mz.error:4.99458;RT.error:NA;mz.match.score:0.9802412;RT.match.score:NA;Total.score:0.9802412;CE:NA;SS:0;MS2.spectra.name:NA;Database:t3db_ms1_database;Dataset.index:4{}Compound.name:Aflatrem;CAS.ID:NA;HMDB.ID:NA;KEGG.ID:NA;Lab.ID:T3D3726;Adduct:(M+H)+;mz.error:4.99458;RT.error:NA;mz.match.score:0.9802412;RT.match.score:NA;Total.score:0.9802412;CE:NA;SS:0;MS2.spectra.name:NA;Database:t3db_ms1_database;Dataset.index:4{}Compound.name:Paspalitrem A;CAS.ID:NA;HMDB.ID:NA;KEGG.ID:NA;Lab.ID:T3D3777;Adduct:(M+H)+;mz.error:4.99458;RT.error:NA;mz.match.score:0.9802412;RT.match.score:NA;Total.score:0.9802412;CE:NA;SS:0;MS2.spectra.name:NA;Database:t3db_ms1_database;Dataset.index:4"
"pRPLC_508.3397_9.9",508.3397,594,"",2,"Compound.name:Gymnodimine;CAS.ID:NA;HMDB.ID:NA;KEGG.ID:NA;Lab.ID:T3D4051;Adduct:(M+H)+;mz.error: 4.837185;RT.error:NA;mz.match.score:0.9814554;RT.match.score:NA;Total.score:0.9814554;CE:NA;SS:0;MS2.spectra.name:NA;Database:t3db_ms1_database;Dataset.index:4"
"pRPLC_417.3348_10.5",417.3348,630,"",2,"Compound.name:Calcitriol;CAS.ID:NA;HMDB.ID:NA;KEGG.ID:NA;Lab.ID:T3D2692;Adduct:(M+H)+;mz.error: 3.70272;RT.error:NA;mz.match.score:0.9890918;RT.match.score:NA;Total.score:0.9890918;CE:NA;SS:0;MS2.spectra.name:NA;Database:t3db_ms1_database;Dataset.index:4"
"pRPLC_704.4472_10.9",704.4472,654,"",2,"Compound.name:1,2,3,4,6,7-Hexabromo-8,9-dichlorodibenzofuran;CAS.ID:NA;HMDB.ID:NA;KEGG.ID:NA;Lab.ID:T3D2358;Adduct:(M+H)+;mz.error:3.897976;RT.error:NA;mz.match.score:0.9879182;RT.match.score:NA;Total.score:0.9879182;CE:NA;SS:0;MS2.spectra.name:NA;Database:t3db_ms1_database;Dataset.index:4"
"nHILIC_239.0771_7.6",239.0771,90,"",3,"Compound.name:Dinoseb;CAS.ID:NA;HMDB.ID:NA;KEGG.ID:NA;Lab.ID:Dinoseb;Adduct:(M-H)-;mz.error:23.5;RT.error:NA;mz.match.score:0.6428782;RT.match.score:NA;Total.score:0.6428782;CE:NA;SS:0;MS2.spectra.name:NA;Database:list1_ms1_database;Dataset.index:1"
"nHILIC_179.0561_7.6",179.0561,90,"",3,"Compound.name:D-Fructose;CAS.ID:NA;HMDB.ID:NA;KEGG.ID:NA;Lab.ID:T3D4345;Adduct:(M-H)-;mz.error: 0.02971;RT.error:NA;mz.match.score:0.9999993;RT.match.score:NA;Total.score:0.9999993;CE:NA;SS:0;MS2.spectra.name:NA;Database:t3db_ms1_database;Dataset.index:4"
"nHILIC_174.0883_10.1",174.0883,40,"",3,"Compound.name:Argininic acid;CAS.ID:NA;HMDB.ID:NA;KEGG.ID:NA;Lab.ID:T3D4173;Adduct:(M-H)-;mz.error:0.2282425;RT.error:NA;mz.match.score:0.9999583;RT.match.score:NA;Total.score:0.9999583;CE:NA;SS:0;MS2.spectra.name:NA;Database:t3db_ms1_database;Dataset.index:4{}Compound.name:Citrulline;CAS.ID:NA;HMDB.ID:NA;KEGG.ID:NA;Lab.ID:T3D4295;Adduct:(M-H)-;mz.error:0.2282425;RT.error:NA;mz.match.score:0.9999583;RT.match.score:NA;Total.score:0.9999583;CE:NA;SS:0;MS2.spectra.name:NA;Database:t3db_ms1_database;Dataset.index:4"
"nHILIC_329.0306_10.8",329.0306,90,"",3,"Compound.name:Malathion;CAS.ID:NA;HMDB.ID:NA;KEGG.ID:NA;Lab.ID:Malathion;Adduct:(M-H)-;mz.error: 4.75;RT.error:NA;mz.match.score:0.9821119;RT.match.score:NA;Total.score:0.9821119;CE:NA;SS:0;MS2.spectra.name:NA;Database:list1_ms1_database;Dataset.index:1{}Compound.name:Fenarimol;CAS.ID:NA;HMDB.ID:NA;KEGG.ID:NA;Lab.ID:Fenarimol;Adduct:(M-H)-;mz.error:12.25;RT.error:NA;mz.match.score:0.8868761;RT.match.score:NA;Total.score:0.8868761;CE:NA;SS:0;MS2.spectra.name:NA;Database:list1_ms1_database;Dataset.index:1"
"nHILIC_279.2328_1",279.2328,92,"",2,"Compound.name:Linoleic acid;CAS.ID:NA;HMDB.ID:NA;KEGG.ID:NA;Lab.ID:T3D4928;Adduct:(M-H)-;mz.error:0.32567;RT.error:NA;mz.match.score:0.9999152;RT.match.score:NA;Total.score:0.9999152;CE:NA;SS:0;MS2.spectra.name:NA;Database:t3db_ms1_database;Dataset.index:4"
"nHILIC_303.2327_1",303.2327,32,"",3,"Compound.name:Drostanolone;CAS.ID:NA;HMDB.ID:NA;KEGG.ID:NA;Lab.ID:T3D2917;Adduct:(M-H)-;mz.error:0.57567;RT.error:NA;mz.match.score:0.9997349;RT.match.score:NA;Total.score:0.9997349;CE:NA;SS:0;MS2.spectra.name:NA;Database:t3db_ms1_database;Dataset.index:4"
"nHILIC_267.0719_4.2",267.0719,70,"",3,"Compound.name:1-[(6-Chloropyridin-3-yl)methyl]-2-(nitromethylidene)-1,3-diazinane;CAS.ID:NA;HMDB.ID:NA;KEGG.ID:NA;Lab.ID:T3D1084;Adduct:(M-H)-;mz.error:16.24153;RT.error:NA;mz.match.score:0.8097499;RT.match.score:NA;Total.score:0.8097499;CE:NA;SS:0;MS2.spectra.name:NA;Database:t3db_ms1_database;Dataset.index:4"
"nHILIC_151.0611_5.4",151.0611,10,"",3,"Compound.name:Acenaphthylene;CAS.ID:NA;HMDB.ID:NA;KEGG.ID:NA;Lab.ID:Acenaphthylene;Adduct:(M-H)-;mz.error:13.5;RT.error:NA;mz.match.score:0.8643306;RT.match.score:NA;Total.score:0.8643306;CE:NA;SS:0;MS2.spectra.name:NA;Database:list2_ms1_database;Dataset.index:2"
"nHILIC_194.0458_6.6",194.0458,40,"",3,"Compound.name:L-Dopaquinone;CAS.ID:NA;HMDB.ID:NA;KEGG.ID:NA;Lab.ID:T3D4967;Adduct:(M-H)-;mz.error: 0.1444525;RT.error:NA;mz.match.score:0.9999833;RT.match.score:NA;Total.score:0.9999833;CE:NA;SS:0;MS2.spectra.name:NA;Database:t3db_ms1_database;Dataset.index:4"
"nHILIC_245.0431_7.2",245.0431,50,"",3,"Compound.name:Pimpinellin;CAS.ID:NA;HMDB.ID:NA;KEGG.ID:NA;Lab.ID:T3D0822;Adduct:(M-H)-;mz.error: 6.058575;RT.error:NA;mz.match.score:0.9710619;RT.match.score:NA;Total.score:0.9710619;CE:NA;SS:0;MS2.spectra.name:NA;Database:t3db_ms1_database;Dataset.index:4{}Compound.name:Isopimpinellin;CAS.ID:NA;HMDB.ID:NA;KEGG.ID:NA;Lab.ID:T3D0843;Adduct:(M-H)-;mz.error: 6.058575;RT.error:NA;mz.match.score:0.9710619;RT.match.score:NA;Total.score:0.9710619;CE:NA;SS:0;MS2.spectra.name:NA;Database:t3db_ms1_database;Dataset.index:4"
"nHILIC_335.0495_8.3",335.0495,50,"",3,"Compound.name:Dicumarol;CAS.ID:NA;HMDB.ID:NA;KEGG.ID:NA;Lab.ID:T3D3735;Adduct:(M-H)-;mz.error:16.47029;RT.error:NA;mz.match.score:0.8049168;RT.match.score:NA;Total.score:0.8049168;CE:NA;SS:0;MS2.spectra.name:NA;Database:t3db_ms1_database;Dataset.index:4"
"nHILIC_190.0356_10.6",190.0356,0,"",3,"Compound.name:Nitrilotriacetic Acid;CAS.ID:NA;HMDB.ID:NA;KEGG.ID:NA;Lab.ID:T3D4705;Adduct:(M-H)-;mz.error: 0.2175625;RT.error:NA;mz.match.score:0.9999621;RT.match.score:NA;Total.score:0.9999621;CE:NA;SS:0;MS2.spectra.name:NA;Database:t3db_ms1_database;Dataset.index:4"
"nHILIC_160.0615_10.7",160.0615,0,"",3,"Compound.name:Aminoadipic acid;CAS.ID:NA;HMDB.ID:NA;KEGG.ID:NA;Lab.ID:T3D4259;Adduct:(M-H)-;mz.error: 0.0196125;RT.error:NA;mz.match.score:0.9999997;RT.match.score:NA;Total.score:0.9999997;CE:NA;SS:0;MS2.spectra.name:NA;Database:t3db_ms1_database;Dataset.index:4"
"nHILIC_203.1037_10.8",203.1037,31,"",3,"Compound.name:N(6)-Carboxymethyllysine;CAS.ID:NA;HMDB.ID:NA;KEGG.ID:NA;Lab.ID:T3D4198;Adduct:(M-H)-;mz.error: 0.017525;RT.error:NA;mz.match.score:0.9999998;RT.match.score:NA;Total.score:0.9999998;CE:NA;SS:0;MS2.spectra.name:NA;Database:t3db_ms1_database;Dataset.index:4"
"nHILIC_247.057_11.8",247.057,70,"",3,"Compound.name:Dapsone;CAS.ID:NA;HMDB.ID:NA;KEGG.ID:NA;Lab.ID:T3D2482;Adduct:(M-H)-;mz.error:5.879180;RT.error:NA;mz.match.score:0.9727270;RT.match.score:NA;Total.score:0.9727270;CE:NA;SS:0;MS2.spectra.name:NA;Database:t3db_ms1_database;Dataset.index:4"
"nHILIC_277.2171_1",277.2171,72,"",3,"Compound.name:Alpha-Linolenic Acid;CAS.ID:NA;HMDB.ID:NA;KEGG.ID:NA;Lab.ID:T3D4812;Adduct:(M-H)-;mz.error: 0.45051;RT.error:NA;mz.match.score:0.9998376;RT.match.score:NA;Total.score:0.9998376;CE:NA;SS:0;MS2.spectra.name:NA;Database:t3db_ms1_database;Dataset.index:4"
"nHILIC_281.2484_1",281.2484,12,"",1,"Compound.name:Oleic acid;CAS.ID:NA;HMDB.ID:NA;KEGG.ID:NA;Lab.ID:T3D4802;Adduct:(M-H)-;mz.error:0.45083;RT.error:NA;mz.match.score:0.9998374;RT.match.score:NA;Total.score:0.9998374;CE:NA;SS:0;MS2.spectra.name:NA;Database:t3db_ms1_database;Dataset.index:4"
"nHILIC_327.2328_1",327.2328,72,"",3,"Compound.name:Retinol acetate;CAS.ID:NA;HMDB.ID:NA;KEGG.ID:NA;Lab.ID:T3D4910;Adduct:(M-H)-;mz.error:0.325670;RT.error:NA;mz.match.score:0.9999152;RT.match.score:NA;Total.score:0.9999152;CE:NA;SS:0;MS2.spectra.name:NA;Database:t3db_ms1_database;Dataset.index:4"
"nHILIC_167.0349_1.3",167.0349,70,"",3,"Compound.name:Homogentisic acid;CAS.ID:NA;HMDB.ID:NA;KEGG.ID:NA;Lab.ID:T3D4287;Adduct:(M-H)-;mz.error:0.146860;RT.error:NA;mz.match.score:0.9999827;RT.match.score:NA;Total.score:0.9999827;CE:NA;SS:0;MS2.spectra.name:NA;Database:t3db_ms1_database;Dataset.index:4"
"nHILIC_115.0399_2",115.0399,50,"",3,"Compound.name:Propylene thiourea;CAS.ID:NA;HMDB.ID:NA;KEGG.ID:NA;Lab.ID:Propylene thiourea;Adduct:(M-H)-;mz.error:15.500000;RT.error:NA;mz.match.score:0.8251418;RT.match.score:NA;Total.score:0.8251418;CE:NA;SS:0;MS2.spectra.name:NA;Database:list1_ms1_database;Dataset.index:1{}Compound.name:Alpha-ketoisovaleric acid;CAS.ID:NA;HMDB.ID:NA;KEGG.ID:NA;Lab.ID:T3D4425;Adduct:(M-H)-;mz.error: 0.360305;RT.error:NA;mz.match.score:0.9998961;RT.match.score:NA;Total.score:0.9998961;CE:NA;SS:0;MS2.spectra.name:NA;Database:t3db_ms1_database;Dataset.index:4"
"nHILIC_459.1407_2.1",459.1407,91,"",2,"Compound.name:Oxytetracycline;CAS.ID:NA;HMDB.ID:NA;KEGG.ID:NA;Lab.ID:T3D3953;Adduct:(M-H)-;mz.error: 0.3928556;RT.error:NA;mz.match.score:0.9998765;RT.match.score:NA;Total.score:0.9998765;CE:NA;SS:0;MS2.spectra.name:NA;Database:t3db_ms1_database;Dataset.index:4"
"nHILIC_212.0022_3",212.0022,20,"",3,"Compound.name:Indoxyl sulfate;CAS.ID:NA;HMDB.ID:NA;KEGG.ID:NA;Lab.ID:T3D4158;Adduct:(M-H)-;mz.error: 0.1960175;RT.error:NA;mz.match.score:0.9999693;RT.match.score:NA;Total.score:0.9999693;CE:NA;SS:0;MS2.spectra.name:NA;Database:t3db_ms1_database;Dataset.index:4{}Compound.name:Carmustine;CAS.ID:NA;HMDB.ID:NA;KEGG.ID:NA;Lab.ID:T3D4681;Adduct:(M-H)-;mz.error: 5.7950975;RT.error:NA;mz.match.score:0.9734912;RT.match.score:NA;Total.score:0.9734912;CE:NA;SS:0;MS2.spectra.name:NA;Database:t3db_ms1_database;Dataset.index:4"
"nHILIC_165.0768_3.4",165.0768,50,"",3,"Compound.name:Fluorene;CAS.ID:NA;HMDB.ID:NA;KEGG.ID:NA;Lab.ID:Fluorene;Adduct:(M-H)-;mz.error:15.25000;RT.error:NA;mz.match.score:0.8302321;RT.match.score:NA;Total.score:0.8302321;CE:NA;SS:0;MS2.spectra.name:NA;Database:list2_ms1_database;Dataset.index:2"
"nHILIC_111.0199_3.4",111.0199,10,"",3,"Compound.name:Maleic hydrazide;CAS.ID:NA;HMDB.ID:NA;KEGG.ID:NA;Lab.ID:T3D3871;Adduct:(M-H)-;mz.error:0.193455;RT.error:NA;mz.match.score:0.9999701;RT.match.score:NA;Total.score:0.9999701;CE:NA;SS:0;MS2.spectra.name:NA;Database:t3db_ms1_database;Dataset.index:4"
"nHILIC_343.0993_3.5",343.0993,30,"",3,"Compound.name:Clotrimazole;CAS.ID:NA;HMDB.ID:NA;KEGG.ID:NA;Lab.ID:T3D2729;Adduct:(M-H)-;mz.error:3.565653;RT.error:NA;mz.match.score:0.9898804;RT.match.score:NA;Total.score:0.9898804;CE:NA;SS:0;MS2.spectra.name:NA;Database:t3db_ms1_database;Dataset.index:4"
"nHILIC_197.0678_4.1",197.0678,70,"",3,"Compound.name:Cymoxanil;CAS.ID:NA;HMDB.ID:NA;KEGG.ID:NA;Lab.ID:Cymoxanil;Adduct:(M-H)-;mz.error: 0.25;RT.error:NA;mz.match.score:0.9999500;RT.match.score:NA;Total.score:0.9999500;CE:NA;SS:0;MS2.spectra.name:NA;Database:list1_ms1_database;Dataset.index:1{}Compound.name:N-Nitrosodiphenylamine;CAS.ID:NA;HMDB.ID:NA;KEGG.ID:NA;Lab.ID:N-Nitrosodiphenylamine;Adduct:(M-H)-;mz.error: 9.75;RT.error:NA;mz.match.score:0.9267699;RT.match.score:NA;Total.score:0.9267699;CE:NA;SS:0;MS2.spectra.name:NA;Database:list2_ms1_database;Dataset.index:2"
"nHILIC_87.045_4.2",87.045,70,"",3,"Compound.name:1,4-Dioxane;CAS.ID:NA;HMDB.ID:NA;KEGG.ID:NA;Lab.ID:T3D0210;Adduct:(M-H)-;mz.error:0.32375;RT.error:NA;mz.match.score:0.9999162;RT.match.score:NA;Total.score:0.9999162;CE:NA;SS:0;MS2.spectra.name:NA;Database:t3db_ms1_database;Dataset.index:4{}Compound.name:Butyric acid;CAS.ID:NA;HMDB.ID:NA;KEGG.ID:NA;Lab.ID:T3D4592;Adduct:(M-H)-;mz.error:0.32375;RT.error:NA;mz.match.score:0.9999162;RT.match.score:NA;Total.score:0.9999162;CE:NA;SS:0;MS2.spectra.name:NA;Database:t3db_ms1_database;Dataset.index:4"
"nHILIC_151.0261_4.3",151.0261,10,"",3,"Compound.name:Xanthine;CAS.ID:NA;HMDB.ID:NA;KEGG.ID:NA;Lab.ID:T3D4409;Adduct:(M-H)-;mz.error: 0.06348;RT.error:NA;mz.match.score:0.9999968;RT.match.score:NA;Total.score:0.9999968;CE:NA;SS:0;MS2.spectra.name:NA;Database:t3db_ms1_database;Dataset.index:4"
"nHILIC_87.0087_4.4",87.0087,70,"",2,"Compound.name:Pyruvic acid;CAS.ID:NA;HMDB.ID:NA;KEGG.ID:NA;Lab.ID:T3D4325;Adduct:(M-H)-;mz.error:0.109985;RT.error:NA;mz.match.score:0.9999903;RT.match.score:NA;Total.score:0.9999903;CE:NA;SS:0;MS2.spectra.name:NA;Database:t3db_ms1_database;Dataset.index:4"
"nHILIC_103.04_4.6",103.04,30,"",3,"Compound.name:4-Hydroxybutyric acid;CAS.ID:NA;HMDB.ID:NA;KEGG.ID:NA;Lab.ID:T3D4269;Adduct:(M-H)-;mz.error: 0.110305;RT.error:NA;mz.match.score:0.9999903;RT.match.score:NA;Total.score:0.9999903;CE:NA;SS:0;MS2.spectra.name:NA;Database:t3db_ms1_database;Dataset.index:4"
"nHILIC_131.0349_5.1",131.0349,10,"",3,"Compound.name:Glutaric acid;CAS.ID:NA;HMDB.ID:NA;KEGG.ID:NA;Lab.ID:T3D4359;Adduct:(M-H)-;mz.error:0.146860;RT.error:NA;mz.match.score:0.9999827;RT.match.score:NA;Total.score:0.9999827;CE:NA;SS:0;MS2.spectra.name:NA;Database:t3db_ms1_database;Dataset.index:4{}Compound.name:Ethylmalonic acid;CAS.ID:NA;HMDB.ID:NA;KEGG.ID:NA;Lab.ID:T3D4461;Adduct:(M-H)-;mz.error:0.146860;RT.error:NA;mz.match.score:0.9999827;RT.match.score:NA;Total.score:0.9999827;CE:NA;SS:0;MS2.spectra.name:NA;Database:t3db_ms1_database;Dataset.index:4"
"nHILIC_130.0872_6.3",130.0872,0,"",3,"Compound.name:L-Isoleucine;CAS.ID:NA;HMDB.ID:NA;KEGG.ID:NA;Lab.ID:T3D4364;Adduct:(M-H)-;mz.error:0.3216625;RT.error:NA;mz.match.score:0.9999172;RT.match.score:NA;Total.score:0.9999172;CE:NA;SS:0;MS2.spectra.name:NA;Database:t3db_ms1_database;Dataset.index:4{}Compound.name:L-Leucine;CAS.ID:NA;HMDB.ID:NA;KEGG.ID:NA;Lab.ID:T3D4365;Adduct:(M-H)-;mz.error:0.3216625;RT.error:NA;mz.match.score:0.9999172;RT.match.score:NA;Total.score:0.9999172;CE:NA;SS:0;MS2.spectra.name:NA;Database:t3db_ms1_database;Dataset.index:4"
"nHILIC_245.0432_6.5",245.0432,50,"",3,"Compound.name:Pimpinellin;CAS.ID:NA;HMDB.ID:NA;KEGG.ID:NA;Lab.ID:T3D0822;Adduct:(M-H)-;mz.error: 5.808575;RT.error:NA;mz.match.score:0.9733694;RT.match.score:NA;Total.score:0.9733694;CE:NA;SS:0;MS2.spectra.name:NA;Database:t3db_ms1_database;Dataset.index:4{}Compound.name:Isopimpinellin;CAS.ID:NA;HMDB.ID:NA;KEGG.ID:NA;Lab.ID:T3D0843;Adduct:(M-H)-;mz.error: 5.808575;RT.error:NA;mz.match.score:0.9733694;RT.match.score:NA;Total.score:0.9733694;CE:NA;SS:0;MS2.spectra.name:NA;Database:t3db_ms1_database;Dataset.index:4"
"nHILIC_194.0458_6.9",194.0458,40,"",3,"Compound.name:L-Dopaquinone;CAS.ID:NA;HMDB.ID:NA;KEGG.ID:NA;Lab.ID:T3D4967;Adduct:(M-H)-;mz.error: 0.1444525;RT.error:NA;mz.match.score:0.9999833;RT.match.score:NA;Total.score:0.9999833;CE:NA;SS:0;MS2.spectra.name:NA;Database:t3db_ms1_database;Dataset.index:4"
"nHILIC_146.0458_7.6",146.0458,60,"",3,"Compound.name:L-Glutamic acid;CAS.ID:NA;HMDB.ID:NA;KEGG.ID:NA;Lab.ID:T3D4296;Adduct:(M-H)-;mz.error: 0.1444525;RT.error:NA;mz.match.score:0.9999833;RT.match.score:NA;Total.score:0.9999833;CE:NA;SS:0;MS2.spectra.name:NA;Database:t3db_ms1_database;Dataset.index:4"
"nHILIC_128.0352_7.6",128.0352,80,"",3,"Compound.name:Naphthalene;CAS.ID:NA;HMDB.ID:NA;KEGG.ID:NA;Lab.ID:Naphthalene;Adduct:(M-H)-;mz.error:23.4299360;RT.error:NA;mz.match.score:0.6445715;RT.match.score:NA;Total.score:0.6445715;CE:NA;SS:0;MS2.spectra.name:NA;Database:select_exposome_ms1_database;Dataset.index:3"
"nHILIC_221.0665_7.7",221.0665,10,"",3,"Compound.name:Aldicarb sulfone;CAS.ID:NA;HMDB.ID:NA;KEGG.ID:NA;Lab.ID:Aldicarb sulfone;Adduct:(M-H)-;mz.error:17;RT.error:NA;mz.match.score:0.7935807;RT.match.score:NA;Total.score:0.7935807;CE:NA;SS:0;MS2.spectra.name:NA;Database:list1_ms1_database;Dataset.index:1{}Compound.name:Butoxycarboxim;CAS.ID:NA;HMDB.ID:NA;KEGG.ID:NA;Lab.ID:Butoxycarboxim;Adduct:(M-H)-;mz.error:17;RT.error:NA;mz.match.score:0.7935807;RT.match.score:NA;Total.score:0.7935807;CE:NA;SS:0;MS2.spectra.name:NA;Database:list1_ms1_database;Dataset.index:1{}Compound.name:Acetamiprid;CAS.ID:NA;HMDB.ID:NA;KEGG.ID:NA;Lab.ID:Acetamiprid;Adduct:(M-H)-;mz.error:17;RT.error:NA;mz.match.score:0.7935807;RT.match.score:NA;Total.score:0.7935807;CE:NA;SS:0;MS2.spectra.name:NA;Database:list1_ms1_database;Dataset.index:1"
"nHILIC_114.0559_7.8",114.0559,40,"",1,"Compound.name:L-Proline;CAS.ID:NA;HMDB.ID:NA;KEGG.ID:NA;Lab.ID:T3D4411;Adduct:(M-H)-;mz.error:0.3213425;RT.error:NA;mz.match.score:0.9999174;RT.match.score:NA;Total.score:0.9999174;CE:NA;SS:0;MS2.spectra.name:NA;Database:t3db_ms1_database;Dataset.index:4"
"nHILIC_195.051_8.7",195.051,50,"",3,"Compound.name:D-Gluconic acid Mn(II) salt;CAS.ID:NA;HMDB.ID:NA;KEGG.ID:NA;Lab.ID:T3D1157;Adduct:(M-H)-;mz.error: 0.006845;RT.error:NA;mz.match.score:1.0000000;RT.match.score:NA;Total.score:1.0000000;CE:NA;SS:0;MS2.spectra.name:NA;Database:t3db_ms1_database;Dataset.index:4{}Compound.name:Galactonic acid;CAS.ID:NA;HMDB.ID:NA;KEGG.ID:NA;Lab.ID:T3D4960;Adduct:(M-H)-;mz.error: 0.006845;RT.error:NA;mz.match.score:1.0000000;RT.match.score:NA;Total.score:1.0000000;CE:NA;SS:0;MS2.spectra.name:NA;Database:t3db_ms1_database;Dataset.index:4"
"nHILIC_130.0509_8.8",130.0509,0,"",2,"Compound.name:5-Aminolevulinic acid;CAS.ID:NA;HMDB.ID:NA;KEGG.ID:NA;Lab.ID:T3D4273;Adduct:(M-H)-;mz.error:0.1078975;RT.error:NA;mz.match.score:0.9999907;RT.match.score:NA;Total.score:0.9999907;CE:NA;SS:0;MS2.spectra.name:NA;Database:t3db_ms1_database;Dataset.index:4{}Compound.name:4-Hydroxyproline;CAS.ID:NA;HMDB.ID:NA;KEGG.ID:NA;Lab.ID:T3D4413;Adduct:(M-H)-;mz.error:0.1078975;RT.error:NA;mz.match.score:0.9999907;RT.match.score:NA;Total.score:0.9999907;CE:NA;SS:0;MS2.spectra.name:NA;Database:t3db_ms1_database;Dataset.index:4"
"nHILIC_280.0754_8.9",280.0754,0,"",3,"Compound.name:Propetamphos;CAS.ID:NA;HMDB.ID:NA;KEGG.ID:NA;Lab.ID:T3D3909;Adduct:(M-H)-;mz.error:5.913338;RT.error:NA;mz.match.score:0.9724136;RT.match.score:NA;Total.score:0.9724136;CE:NA;SS:0;MS2.spectra.name:NA;Database:t3db_ms1_database;Dataset.index:4{}Compound.name:Nitrazepam;CAS.ID:NA;HMDB.ID:NA;KEGG.ID:NA;Lab.ID:T3D3057;Adduct:(M-H)-;mz.error:6.646918;RT.error:NA;mz.match.score:0.9652721;RT.match.score:NA;Total.score:0.9652721;CE:NA;SS:0;MS2.spectra.name:NA;Database:t3db_ms1_database;Dataset.index:4"
"nHILIC_74.0246_9.6",74.0246,40,"",1,"Compound.name:Glycine;CAS.ID:NA;HMDB.ID:NA;KEGG.ID:NA;Lab.ID:T3D4318;Adduct:(M-H)-;mz.error:0.3210225;RT.error:NA;mz.match.score:0.9999176;RT.match.score:NA;Total.score:0.9999176;CE:NA;SS:0;MS2.spectra.name:NA;Database:t3db_ms1_database;Dataset.index:4"
"nHILIC_131.0461_9.7",131.0461,10,"",3,"Compound.name:L-Asparagine;CAS.ID:NA;HMDB.ID:NA;KEGG.ID:NA;Lab.ID:T3D4362;Adduct:(M-H)-;mz.error: 0.23033;RT.error:NA;mz.match.score:0.9999576;RT.match.score:NA;Total.score:0.9999576;CE:NA;SS:0;MS2.spectra.name:NA;Database:t3db_ms1_database;Dataset.index:4"
"nHILIC_104.0352_9.7",104.0352,40,"",2,"Compound.name:L-Serine;CAS.ID:NA;HMDB.ID:NA;KEGG.ID:NA;Lab.ID:T3D4367;Adduct:(M-H)-;mz.error:0.2327375;RT.error:NA;mz.match.score:0.9999567;RT.match.score:NA;Total.score:0.9999567;CE:NA;SS:0;MS2.spectra.name:NA;Database:t3db_ms1_database;Dataset.index:4"
"nHILIC_147.0297_10.2",147.0297,70,"",3,"Compound.name:L-2-Hydroxyglutaric acid;CAS.ID:NA;HMDB.ID:NA;KEGG.ID:NA;Lab.ID:T3D4247;Adduct:(M-H)-;mz.error:0.433415;RT.error:NA;mz.match.score:0.9998497;RT.match.score:NA;Total.score:0.9998497;CE:NA;SS:0;MS2.spectra.name:NA;Database:t3db_ms1_database;Dataset.index:4{}Compound.name:D-2-Hydroxyglutaric acid;CAS.ID:NA;HMDB.ID:NA;KEGG.ID:NA;Lab.ID:T3D4251;Adduct:(M-H)-;mz.error:0.433415;RT.error:NA;mz.match.score:0.9998497;RT.match.score:NA;Total.score:0.9998497;CE:NA;SS:0;MS2.spectra.name:NA;Database:t3db_ms1_database;Dataset.index:4{}Compound.name:3-Hydroxyglutaric acid;CAS.ID:NA;HMDB.ID:NA;KEGG.ID:NA;Lab.ID:T3D4357;Adduct:(M-H)-;mz.error:0.433415;RT.error:NA;mz.match.score:0.9998497;RT.match.score:NA;Total.score:0.9998497;CE:NA;SS:0;MS2.spectra.name:NA;Database:t3db_ms1_database;Dataset.index:4"
"nHILIC_239.0164_12.1",239.0164,90,"",3,"Compound.name:Methacrifos;CAS.ID:NA;HMDB.ID:NA;KEGG.ID:NA;Lab.ID:Methacrifos;Adduct:(M-H)-;mz.error: 4.00000;RT.error:NA;mz.match.score:0.9872816;RT.match.score:NA;Total.score:0.9872816;CE:NA;SS:0;MS2.spectra.name:NA;Database:list2_ms1_database;Dataset.index:2"
"nHILIC_202.1197_13.3",202.1197,21,"",3,"Compound.name:Pebulate;CAS.ID:NA;HMDB.ID:NA;KEGG.ID:NA;Lab.ID:Pebulate;Adduct:(M-H)-;mz.error:18.500000;RT.error:NA;mz.match.score:0.7604842;RT.match.score:NA;Total.score:0.7604842;CE:NA;SS:0;MS2.spectra.name:NA;Database:list2_ms1_database;Dataset.index:2"
"nHILIC_96.96_11.1",96.96,69,"",2,"Compound.name:1,2-Dichloroethane;CAS.ID:NA;HMDB.ID:NA;KEGG.ID:NA;Lab.ID:T3D0085;Adduct:(M-H)-;mz.error:4.263855;RT.error:NA;mz.match.score:0.9855609;RT.match.score:NA;Total.score:0.9855609;CE:NA;SS:0;MS2.spectra.name:NA;Database:t3db_ms1_database;Dataset.index:4{}Compound.name:1,1-Dichloroethane;CAS.ID:NA;HMDB.ID:NA;KEGG.ID:NA;Lab.ID:T3D0160;Adduct:(M-H)-;mz.error:4.263855;RT.error:NA;mz.match.score:0.9855609;RT.match.score:NA;Total.score:0.9855609;CE:NA;SS:0;MS2.spectra.name:NA;Database:t3db_ms1_database;Dataset.index:4"
"nHILIC_88.988_11",88.988,89,"",1,"Compound.name:Oxalic acid;CAS.ID:NA;HMDB.ID:NA;KEGG.ID:NA;Lab.ID:T3D0856;Adduct:(M-H)-;mz.error:0.02138;RT.error:NA;mz.match.score:0.9999996;RT.match.score:NA;Total.score:0.9999996;CE:NA;SS:0;MS2.spectra.name:NA;Database:t3db_ms1_database;Dataset.index:4"
"nHILIC_168.0778_10.2",168.0778,80,"",3,"Compound.name:Diphenylamine;CAS.ID:NA;HMDB.ID:NA;KEGG.ID:NA;Lab.ID:Diphenylamine;Adduct:(M-H)-;mz.error:10.00;RT.error:NA;mz.match.score:0.9231163;RT.match.score:NA;Total.score:0.9231163;CE:NA;SS:0;MS2.spectra.name:NA;Database:list2_ms1_database;Dataset.index:2"
"nHILIC_88.0403_8.9",88.0403,80,"",3,"Compound.name:L-Alanine;CAS.ID:NA;HMDB.ID:NA;KEGG.ID:NA;Lab.ID:T3D4320;Adduct:(M-H)-;mz.error:0.1961825;RT.error:NA;mz.match.score:0.9999692;RT.match.score:NA;Total.score:0.9999692;CE:NA;SS:0;MS2.spectra.name:NA;Database:t3db_ms1_database;Dataset.index:4{}Compound.name:Beta-Alanine;CAS.ID:NA;HMDB.ID:NA;KEGG.ID:NA;Lab.ID:T3D4346;Adduct:(M-H)-;mz.error:0.1961825;RT.error:NA;mz.match.score:0.9999692;RT.match.score:NA;Total.score:0.9999692;CE:NA;SS:0;MS2.spectra.name:NA;Database:t3db_ms1_database;Dataset.index:4{}Compound.name:Sarcosine;CAS.ID:NA;HMDB.ID:NA;KEGG.ID:NA;Lab.ID:T3D4458;Adduct:(M-H)-;mz.error:0.1961825;RT.error:NA;mz.match.score:0.9999692;RT.match.score:NA;Total.score:0.9999692;CE:NA;SS:0;MS2.spectra.name:NA;Database:t3db_ms1_database;Dataset.index:4"
"nHILIC_118.0509_8.9",118.0509,80,"",3,"Compound.name:L-Threonine;CAS.ID:NA;HMDB.ID:NA;KEGG.ID:NA;Lab.ID:T3D4368;Adduct:(M-H)-;mz.error: 0.1078975;RT.error:NA;mz.match.score:0.9999907;RT.match.score:NA;Total.score:0.9999907;CE:NA;SS:0;MS2.spectra.name:NA;Database:t3db_ms1_database;Dataset.index:4"
"nHILIC_149.0455_8.2",149.0455,90,"",3,"Compound.name:D-Xylose;CAS.ID:NA;HMDB.ID:NA;KEGG.ID:NA;Lab.ID:T3D4926;Adduct:(M-H)-;mz.error: 0.058575;RT.error:NA;mz.match.score:0.9999973;RT.match.score:NA;Total.score:0.9999973;CE:NA;SS:0;MS2.spectra.name:NA;Database:t3db_ms1_database;Dataset.index:4"
"nHILIC_105.0192_7.8",105.0192,50,"",1,"Compound.name:Glyceric acid;CAS.ID:NA;HMDB.ID:NA;KEGG.ID:NA;Lab.ID:T3D4330;Adduct:(M-H)-;mz.error:0.2717;RT.error:NA;mz.match.score:0.9999409;RT.match.score:NA;Total.score:0.9999409;CE:NA;SS:0;MS2.spectra.name:NA;Database:t3db_ms1_database;Dataset.index:4"
"nHILIC_360.1302_7.8",360.1302,1,"",3,"Compound.name:Levofloxacin;CAS.ID:NA;HMDB.ID:NA;KEGG.ID:NA;Lab.ID:T3D2478;Adduct:(M-H)-;mz.error:15.710870;RT.error:NA;mz.match.score:0.8208087;RT.match.score:NA;Total.score:0.8208087;CE:NA;SS:0;MS2.spectra.name:NA;Database:t3db_ms1_database;Dataset.index:4"
"nHILIC_207.0511_7.7",207.0511,70,"",3,"Compound.name:Anthraquinone;CAS.ID:NA;HMDB.ID:NA;KEGG.ID:NA;Lab.ID:Anthraquinone;Adduct:(M-H)-;mz.error:15.000000;RT.error:NA;mz.match.score:0.8352702;RT.match.score:NA;Total.score:0.8352702;CE:NA;SS:0;MS2.spectra.name:NA;Database:list2_ms1_database;Dataset.index:2"
"nHILIC_149.0455_7.6",149.0455,90,"",3,"Compound.name:D-Xylose;CAS.ID:NA;HMDB.ID:NA;KEGG.ID:NA;Lab.ID:T3D4926;Adduct:(M-H)-;mz.error: 0.058575;RT.error:NA;mz.match.score:0.9999973;RT.match.score:NA;Total.score:0.9999973;CE:NA;SS:0;MS2.spectra.name:NA;Database:t3db_ms1_database;Dataset.index:4"
"nHILIC_85.0294_7.6",85.0294,50,"",3,"Compound.name:Gamma-Butyrolactone;CAS.ID:NA;HMDB.ID:NA;KEGG.ID:NA;Lab.ID:T3D2562;Adduct:(M-H)-;mz.error:0.198590;RT.error:NA;mz.match.score:0.9999685;RT.match.score:NA;Total.score:0.9999685;CE:NA;SS:0;MS2.spectra.name:NA;Database:t3db_ms1_database;Dataset.index:4{}Compound.name:Diacetyl;CAS.ID:NA;HMDB.ID:NA;KEGG.ID:NA;Lab.ID:T3D3241;Adduct:(M-H)-;mz.error:0.198590;RT.error:NA;mz.match.score:0.9999685;RT.match.score:NA;Total.score:0.9999685;CE:NA;SS:0;MS2.spectra.name:NA;Database:t3db_ms1_database;Dataset.index:4"
"nHILIC_269.0875_7.6",269.0875,90,"",3,"Compound.name:Nitenpyram;CAS.ID:NA;HMDB.ID:NA;KEGG.ID:NA;Lab.ID:Nitenpyram;Adduct:(M-H)-;mz.error:17.0;RT.error:NA;mz.match.score:0.7935807;RT.match.score:NA;Total.score:0.7935807;CE:NA;SS:0;MS2.spectra.name:NA;Database:list1_ms1_database;Dataset.index:1"
"nHILIC_116.0716_7.3",116.0716,60,"",3,"Compound.name:L-Valine;CAS.ID:NA;HMDB.ID:NA;KEGG.ID:NA;Lab.ID:T3D4370;Adduct:(M-H)-;mz.error:0.1965025;RT.error:NA;mz.match.score:0.9999691;RT.match.score:NA;Total.score:0.9999691;CE:NA;SS:0;MS2.spectra.name:NA;Database:t3db_ms1_database;Dataset.index:4"
"nHILIC_160.0615_7.2",160.0615,0,"",3,"Compound.name:Aminoadipic acid;CAS.ID:NA;HMDB.ID:NA;KEGG.ID:NA;Lab.ID:T3D4259;Adduct:(M-H)-;mz.error: 0.0196125;RT.error:NA;mz.match.score:0.9999997;RT.match.score:NA;Total.score:0.9999997;CE:NA;SS:0;MS2.spectra.name:NA;Database:t3db_ms1_database;Dataset.index:4"
"nHILIC_181.0506_6.2",181.0506,10,"",3,"Compound.name:3-(3-Hydroxyphenyl)-3-hydroxypropanoic acid;CAS.ID:NA;HMDB.ID:NA;KEGG.ID:NA;Lab.ID:T3D4966;Adduct:(M-H)-;mz.error: 0.022020;RT.error:NA;mz.match.score:0.9999996;RT.match.score:NA;Total.score:0.9999996;CE:NA;SS:0;MS2.spectra.name:NA;Database:t3db_ms1_database;Dataset.index:4"
"nHILIC_269.0542_5.9",269.0542,90,"",3,"Compound.name:Nordiazepam;CAS.ID:NA;HMDB.ID:NA;KEGG.ID:NA;Lab.ID:T3D4588;Adduct:(M-H)-;mz.error:13.773272;RT.error:NA;mz.match.score:0.8591924;RT.match.score:NA;Total.score:0.8591924;CE:NA;SS:0;MS2.spectra.name:NA;Database:t3db_ms1_database;Dataset.index:4{}Compound.name:Emodin;CAS.ID:NA;HMDB.ID:NA;KEGG.ID:NA;Lab.ID:T3D3755;Adduct:(M-H)-;mz.error:21.691425;RT.error:NA;mz.match.score:0.6863179;RT.match.score:NA;Total.score:0.6863179;CE:NA;SS:0;MS2.spectra.name:NA;Database:t3db_ms1_database;Dataset.index:4"
"nHILIC_89.0243_5.8",89.0243,90,"",3,"Compound.name:L-Lactic acid;CAS.ID:NA;HMDB.ID:NA;KEGG.ID:NA;Lab.ID:T3D4253;Adduct:(M-H)-;mz.error:0.235145;RT.error:NA;mz.match.score:0.9999558;RT.match.score:NA;Total.score:0.9999558;CE:NA;SS:0;MS2.spectra.name:NA;Database:t3db_ms1_database;Dataset.index:4{}Compound.name:Hydroxypropionic acid;CAS.ID:NA;HMDB.ID:NA;KEGG.ID:NA;Lab.ID:T3D4304;Adduct:(M-H)-;mz.error:0.235145;RT.error:NA;mz.match.score:0.9999558;RT.match.score:NA;Total.score:0.9999558;CE:NA;SS:0;MS2.spectra.name:NA;Database:t3db_ms1_database;Dataset.index:4{}Compound.name:D-Lactic acid;CAS.ID:NA;HMDB.ID:NA;KEGG.ID:NA;Lab.ID:T3D4307;Adduct:(M-H)-;mz.error:0.235145;RT.error:NA;mz.match.score:0.9999558;RT.match.score:NA;Total.score:0.9999558;CE:NA;SS:0;MS2.spectra.name:NA;Database:t3db_ms1_database;Dataset.index:4"
"nHILIC_149.0455_5.6",149.0455,90,"",3,"Compound.name:D-Xylose;CAS.ID:NA;HMDB.ID:NA;KEGG.ID:NA;Lab.ID:T3D4926;Adduct:(M-H)-;mz.error: 0.058575;RT.error:NA;mz.match.score:0.9999973;RT.match.score:NA;Total.score:0.9999973;CE:NA;SS:0;MS2.spectra.name:NA;Database:t3db_ms1_database;Dataset.index:4"
"nHILIC_103.0399_5.4",103.0399,30,"",3,"Compound.name:4-Hydroxybutyric acid;CAS.ID:NA;HMDB.ID:NA;KEGG.ID:NA;Lab.ID:T3D4269;Adduct:(M-H)-;mz.error: 0.360305;RT.error:NA;mz.match.score:0.9998961;RT.match.score:NA;Total.score:0.9998961;CE:NA;SS:0;MS2.spectra.name:NA;Database:t3db_ms1_database;Dataset.index:4"
"nHILIC_194.0458_4.6",194.0458,40,"",3,"Compound.name:L-Dopaquinone;CAS.ID:NA;HMDB.ID:NA;KEGG.ID:NA;Lab.ID:T3D4967;Adduct:(M-H)-;mz.error: 0.1444525;RT.error:NA;mz.match.score:0.9999833;RT.match.score:NA;Total.score:0.9999833;CE:NA;SS:0;MS2.spectra.name:NA;Database:t3db_ms1_database;Dataset.index:4"
"nHILIC_381.1387_3.9",381.1387,11,"",3,"Compound.name:Loratadine;CAS.ID:NA;HMDB.ID:NA;KEGG.ID:NA;Lab.ID:T3D2796;Adduct:(M-H)-;mz.error: 2.985757;RT.error:NA;mz.match.score:0.9928936;RT.match.score:NA;Total.score:0.9928936;CE:NA;SS:0;MS2.spectra.name:NA;Database:t3db_ms1_database;Dataset.index:4"
"nHILIC_174.056_3.8",174.056,40,"",3,"Compound.name:Indoleacetic acid;CAS.ID:NA;HMDB.ID:NA;KEGG.ID:NA;Lab.ID:T3D4152;Adduct:(M-H)-;mz.error: 0.0713425;RT.error:NA;mz.match.score:0.9999959;RT.match.score:NA;Total.score:0.9999959;CE:NA;SS:0;MS2.spectra.name:NA;Database:t3db_ms1_database;Dataset.index:4"
"nHILIC_181.0717_3.5",181.0717,10,"",3,"Compound.name:Triethyl phosphate;CAS.ID:NA;HMDB.ID:NA;KEGG.ID:NA;Lab.ID:Triethyl phosphate;Adduct:(M-H)-;mz.error:20.0;RT.error:NA;mz.match.score:0.7261490;RT.match.score:NA;Total.score:0.7261490;CE:NA;SS:0;MS2.spectra.name:NA;Database:list1_ms1_database;Dataset.index:1{}Compound.name:Azobenzene;CAS.ID:NA;HMDB.ID:NA;KEGG.ID:NA;Lab.ID:Azobenzene;Adduct:(M-H)-;mz.error:12.5;RT.error:NA;mz.match.score:0.8824969;RT.match.score:NA;Total.score:0.8824969;CE:NA;SS:0;MS2.spectra.name:NA;Database:list2_ms1_database;Dataset.index:2"
"nHILIC_345.0942_3.3",345.0942,50,"",3,"Compound.name:Oryzalin;CAS.ID:NA;HMDB.ID:NA;KEGG.ID:NA;Lab.ID:T3D4522;Adduct:(M-H)-;mz.error:16.98745;RT.error:NA;mz.match.score:0.7938515;RT.match.score:NA;Total.score:0.7938515;CE:NA;SS:0;MS2.spectra.name:NA;Database:t3db_ms1_database;Dataset.index:4"
"nHILIC_179.0348_2.2",179.0348,90,"",3,"Compound.name:Aspirin;CAS.ID:NA;HMDB.ID:NA;KEGG.ID:NA;Lab.ID:T3D2936;Adduct:(M-H)-;mz.error: 0.39686;RT.error:NA;mz.match.score:0.9998740;RT.match.score:NA;Total.score:0.9998740;CE:NA;SS:0;MS2.spectra.name:NA;Database:t3db_ms1_database;Dataset.index:4{}Compound.name:Monomethyl phthalate;CAS.ID:NA;HMDB.ID:NA;KEGG.ID:NA;Lab.ID:T3D3886;Adduct:(M-H)-;mz.error: 0.39686;RT.error:NA;mz.match.score:0.9998740;RT.match.score:NA;Total.score:0.9998740;CE:NA;SS:0;MS2.spectra.name:NA;Database:t3db_ms1_database;Dataset.index:4"
"nHILIC_197.0679_1.4",197.0679,70,"",3,"Compound.name:Cymoxanil;CAS.ID:NA;HMDB.ID:NA;KEGG.ID:NA;Lab.ID:Cymoxanil;Adduct:(M-H)-;mz.error: 0.5;RT.error:NA;mz.match.score:0.9998000;RT.match.score:NA;Total.score:0.9998000;CE:NA;SS:0;MS2.spectra.name:NA;Database:list1_ms1_database;Dataset.index:1{}Compound.name:N-Nitrosodiphenylamine;CAS.ID:NA;HMDB.ID:NA;KEGG.ID:NA;Lab.ID:N-Nitrosodiphenylamine;Adduct:(M-H)-;mz.error: 9.5;RT.error:NA;mz.match.score:0.9303448;RT.match.score:NA;Total.score:0.9303448;CE:NA;SS:0;MS2.spectra.name:NA;Database:list2_ms1_database;Dataset.index:2"
"nHILIC_204.9811_1.1",204.9811,49,"",3,"Compound.name:Chloroneb;CAS.ID:NA;HMDB.ID:NA;KEGG.ID:NA;Lab.ID:Chloroneb;Adduct:(M-H)-;mz.error: 4.250000;RT.error:NA;mz.match.score:0.9856539;RT.match.score:NA;Total.score:0.9856539;CE:NA;SS:0;MS2.spectra.name:NA;Database:list2_ms1_database;Dataset.index:2{}Compound.name:Chloroneb;CAS.ID:NA;HMDB.ID:NA;KEGG.ID:NA;Lab.ID:T3D3807;Adduct:(M-H)-;mz.error: 4.337285;RT.error:NA;mz.match.score:0.9850630;RT.match.score:NA;Total.score:0.9850630;CE:NA;SS:0;MS2.spectra.name:NA;Database:t3db_ms1_database;Dataset.index:4"
"nHILIC_137.0243_1",137.0243,70,"",3,"Compound.name:4-Hydroxybenzoic acid;CAS.ID:NA;HMDB.ID:NA;KEGG.ID:NA;Lab.ID:4-Hydroxybenzoic acid;Adduct:(M-H)-;mz.error: 1.000000;RT.error:NA;mz.match.score:0.9992003;RT.match.score:NA;Total.score:0.9992003;CE:NA;SS:0;MS2.spectra.name:NA;Database:list1_ms1_database;Dataset.index:1{}Compound.name:Salicylic acid;CAS.ID:NA;HMDB.ID:NA;KEGG.ID:NA;Lab.ID:T3D4816;Adduct:(M-H)-;mz.error: 0.235145;RT.error:NA;mz.match.score:0.9999558;RT.match.score:NA;Total.score:0.9999558;CE:NA;SS:0;MS2.spectra.name:NA;Database:t3db_ms1_database;Dataset.index:4"
"nRPLC_381.1387_4.6",381.1387,11,"",3,"Compound.name:Loratadine;CAS.ID:NA;HMDB.ID:NA;KEGG.ID:NA;Lab.ID:T3D2796;Adduct:(M-H)-;mz.error: 2.985757;RT.error:NA;mz.match.score:0.9928936;RT.match.score:NA;Total.score:0.9928936;CE:NA;SS:0;MS2.spectra.name:NA;Database:t3db_ms1_database;Dataset.index:4"
"nRPLC_391.2856_9.2",391.2856,12,"",3,"Compound.name:Permethrin;CAS.ID:NA;HMDB.ID:NA;KEGG.ID:NA;Lab.ID:Permethrin;Adduct:(M-H)-;mz.error:17.104652;RT.error:NA;mz.match.score:0.7913181;RT.match.score:NA;Total.score:0.7913181;CE:NA;SS:0;MS2.spectra.name:NA;Database:select_exposome_ms1_database;Dataset.index:3{}Compound.name:Deoxycholic acid;CAS.ID:NA;HMDB.ID:NA;KEGG.ID:NA;Lab.ID:T3D4961;Adduct:(M-H)-;mz.error: 0.600580;RT.error:NA;mz.match.score:0.9997115;RT.match.score:NA;Total.score:0.9997115;CE:NA;SS:0;MS2.spectra.name:NA;Database:t3db_ms1_database;Dataset.index:4"
"nRPLC_391.2856_9.8",391.2856,12,"",3,"Compound.name:Permethrin;CAS.ID:NA;HMDB.ID:NA;KEGG.ID:NA;Lab.ID:Permethrin;Adduct:(M-H)-;mz.error:17.104652;RT.error:NA;mz.match.score:0.7913181;RT.match.score:NA;Total.score:0.7913181;CE:NA;SS:0;MS2.spectra.name:NA;Database:select_exposome_ms1_database;Dataset.index:3{}Compound.name:Deoxycholic acid;CAS.ID:NA;HMDB.ID:NA;KEGG.ID:NA;Lab.ID:T3D4961;Adduct:(M-H)-;mz.error: 0.600580;RT.error:NA;mz.match.score:0.9997115;RT.match.score:NA;Total.score:0.9997115;CE:NA;SS:0;MS2.spectra.name:NA;Database:t3db_ms1_database;Dataset.index:4"
"nRPLC_263.1289_6.8",263.1289,31,"",3,"Compound.name:Trichothecolone;CAS.ID:NA;HMDB.ID:NA;KEGG.ID:NA;Lab.ID:T3D3719;Adduct:(M-H)-;mz.error: 0.102180;RT.error:NA;mz.match.score:0.9999916;RT.match.score:NA;Total.score:0.9999916;CE:NA;SS:0;MS2.spectra.name:NA;Database:t3db_ms1_database;Dataset.index:4"
"nRPLC_371.189_9.7",371.189,11,"",2,"Compound.name:Pyrethrum;CAS.ID:NA;HMDB.ID:NA;KEGG.ID:NA;Lab.ID:T3D0233;Adduct:(M-H)-;mz.error:6.564985;RT.error:NA;mz.match.score:0.9661084;RT.match.score:NA;Total.score:0.9661084;CE:NA;SS:0;MS2.spectra.name:NA;Database:t3db_ms1_database;Dataset.index:4{}Compound.name:Pyrethrin II;CAS.ID:NA;HMDB.ID:NA;KEGG.ID:NA;Lab.ID:T3D1858;Adduct:(M-H)-;mz.error:6.564985;RT.error:NA;mz.match.score:0.9661084;RT.match.score:NA;Total.score:0.9661084;CE:NA;SS:0;MS2.spectra.name:NA;Database:t3db_ms1_database;Dataset.index:4"
"nRPLC_391.2856_9.5",391.2856,12,"",3,"Compound.name:Permethrin;CAS.ID:NA;HMDB.ID:NA;KEGG.ID:NA;Lab.ID:Permethrin;Adduct:(M-H)-;mz.error:17.104652;RT.error:NA;mz.match.score:0.7913181;RT.match.score:NA;Total.score:0.7913181;CE:NA;SS:0;MS2.spectra.name:NA;Database:select_exposome_ms1_database;Dataset.index:3{}Compound.name:Deoxycholic acid;CAS.ID:NA;HMDB.ID:NA;KEGG.ID:NA;Lab.ID:T3D4961;Adduct:(M-H)-;mz.error: 0.600580;RT.error:NA;mz.match.score:0.9997115;RT.match.score:NA;Total.score:0.9997115;CE:NA;SS:0;MS2.spectra.name:NA;Database:t3db_ms1_database;Dataset.index:4"
"nRPLC_301.2173_10.3",301.2173,12,"",2,"Compound.name:Methyltestosterone;CAS.ID:NA;HMDB.ID:NA;KEGG.ID:NA;Lab.ID:T3D4748;Adduct:(M-H)-;mz.error:0.04949;RT.error:NA;mz.match.score:0.9999980;RT.match.score:NA;Total.score:0.9999980;CE:NA;SS:0;MS2.spectra.name:NA;Database:t3db_ms1_database;Dataset.index:4"
"nRPLC_473.3632_11.4",473.3632,33,"",1,"Compound.name:Diundecyl phthalate;CAS.ID:NA;HMDB.ID:NA;KEGG.ID:NA;Lab.ID:T3D3657;Adduct:(M-H)-;mz.error:0.8663284;RT.error:NA;mz.match.score:0.9993998;RT.match.score:NA;Total.score:0.9993998;CE:NA;SS:0;MS2.spectra.name:NA;Database:t3db_ms1_database;Dataset.index:4"
"nRPLC_407.2804_9.2",407.2804,72,"",1,"Compound.name:Cholic acid;CAS.ID:NA;HMDB.ID:NA;KEGG.ID:NA;Lab.ID:T3D4343;Adduct:(M-H)-;mz.error:0.3084116;RT.error:NA;mz.match.score:0.9999239;RT.match.score:NA;Total.score:0.9999239;CE:NA;SS:0;MS2.spectra.name:NA;Database:t3db_ms1_database;Dataset.index:4"
"nRPLC_333.2073_7.6",333.2073,32,"",3,"Compound.name:Diisohexyl phthalate;CAS.ID:NA;HMDB.ID:NA;KEGG.ID:NA;Lab.ID:T3D3647;Adduct:(M-H)-;mz.error:0.476380;RT.error:NA;mz.match.score:0.9998185;RT.match.score:NA;Total.score:0.9998185;CE:NA;SS:0;MS2.spectra.name:NA;Database:t3db_ms1_database;Dataset.index:4{}Compound.name:Di-n-hexyl phthalate;CAS.ID:NA;HMDB.ID:NA;KEGG.ID:NA;Lab.ID:T3D3653;Adduct:(M-H)-;mz.error:0.476380;RT.error:NA;mz.match.score:0.9998185;RT.match.score:NA;Total.score:0.9998185;CE:NA;SS:0;MS2.spectra.name:NA;Database:t3db_ms1_database;Dataset.index:4"
"nRPLC_129.0558_1",129.0558,90,"",3,"Compound.name:3-Methyl-2-oxovaleric acid;CAS.ID:NA;HMDB.ID:NA;KEGG.ID:NA;Lab.ID:T3D4424;Adduct:(M-H)-;mz.error:0.2645350;RT.error:NA;mz.match.score:0.9999440;RT.match.score:NA;Total.score:0.9999440;CE:NA;SS:0;MS2.spectra.name:NA;Database:t3db_ms1_database;Dataset.index:4{}Compound.name:Ketoleucine;CAS.ID:NA;HMDB.ID:NA;KEGG.ID:NA;Lab.ID:T3D4426;Adduct:(M-H)-;mz.error:0.2645350;RT.error:NA;mz.match.score:0.9999440;RT.match.score:NA;Total.score:0.9999440;CE:NA;SS:0;MS2.spectra.name:NA;Database:t3db_ms1_database;Dataset.index:4"
"nRPLC_153.0193_2.1",153.0193,30,"",3,"Compound.name:Protocatechuic acid;CAS.ID:NA;HMDB.ID:NA;KEGG.ID:NA;Lab.ID:Protocatechuic acid;Adduct:(M-H)-;mz.error: 1.0000;RT.error:NA;mz.match.score:0.9992003;RT.match.score:NA;Total.score:0.9992003;CE:NA;SS:0;MS2.spectra.name:NA;Database:list1_ms1_database;Dataset.index:1{}Compound.name:4-Chloroacetophenone;CAS.ID:NA;HMDB.ID:NA;KEGG.ID:NA;Lab.ID:4-Chloroacetophenone;Adduct:(M-H)-;mz.error:19.0000;RT.error:NA;mz.match.score:0.7491620;RT.match.score:NA;Total.score:0.7491620;CE:NA;SS:0;MS2.spectra.name:NA;Database:list1_ms1_database;Dataset.index:1{}Compound.name:Patulin;CAS.ID:NA;HMDB.ID:NA;KEGG.ID:NA;Lab.ID:T3D3661;Adduct:(M-H)-;mz.error: 0.0217;RT.error:NA;mz.match.score:0.9999996;RT.match.score:NA;Total.score:0.9999996;CE:NA;SS:0;MS2.spectra.name:NA;Database:t3db_ms1_database;Dataset.index:4"
"nRPLC_165.0556_2.3",165.0556,50,"",3,"Compound.name:Ethyl paraben;CAS.ID:NA;HMDB.ID:NA;KEGG.ID:NA;Lab.ID:Ethyl paraben;Adduct:(M-H)-;mz.error: 0.250000;RT.error:NA;mz.match.score:0.9999500;RT.match.score:NA;Total.score:0.9999500;CE:NA;SS:0;MS2.spectra.name:NA;Database:list1_ms1_database;Dataset.index:1{}Compound.name:Ethylparaben;CAS.ID:NA;HMDB.ID:NA;KEGG.ID:NA;Lab.ID:T3D3978;Adduct:(M-H)-;mz.error: 0.235465;RT.error:NA;mz.match.score:0.9999556;RT.match.score:NA;Total.score:0.9999556;CE:NA;SS:0;MS2.spectra.name:NA;Database:t3db_ms1_database;Dataset.index:4"
"nRPLC_187.007_2.3",187.007,70,"",3,"Compound.name:p-Cresol sulfate;CAS.ID:NA;HMDB.ID:NA;KEGG.ID:NA;Lab.ID:T3D4184;Adduct:(M-H)-;mz.error:0.0735850;RT.error:NA;mz.match.score:0.9999957;RT.match.score:NA;Total.score:0.9999957;CE:NA;SS:0;MS2.spectra.name:NA;Database:t3db_ms1_database;Dataset.index:4{}Compound.name:P-Chlorobenzylidenemalonitrile;CAS.ID:NA;HMDB.ID:NA;KEGG.ID:NA;Lab.ID:T3D4657;Adduct:(M-H)-;mz.error:0.4353075;RT.error:NA;mz.match.score:0.9998484;RT.match.score:NA;Total.score:0.9998484;CE:NA;SS:0;MS2.spectra.name:NA;Database:t3db_ms1_database;Dataset.index:4{}Compound.name:2-Chlorobenzylidene malononitrile;CAS.ID:NA;HMDB.ID:NA;KEGG.ID:NA;Lab.ID:T3D4660;Adduct:(M-H)-;mz.error:0.4353075;RT.error:NA;mz.match.score:0.9998484;RT.match.score:NA;Total.score:0.9998484;CE:NA;SS:0;MS2.spectra.name:NA;Database:t3db_ms1_database;Dataset.index:4"
"nRPLC_283.0822_2.4",283.0822,30,"",2,"Compound.name:Psilocybin;CAS.ID:NA;HMDB.ID:NA;KEGG.ID:NA;Lab.ID:T3D2457;Adduct:(M-H)-;mz.error: 7.733885;RT.error:NA;mz.match.score:0.9532764;RT.match.score:NA;Total.score:0.9532764;CE:NA;SS:0;MS2.spectra.name:NA;Database:t3db_ms1_database;Dataset.index:4"
"nRPLC_172.098_2.8",172.098,20,"",2,"Compound.name:Swainsonine;CAS.ID:NA;HMDB.ID:NA;KEGG.ID:NA;Lab.ID:T3D3087;Adduct:(M-H)-;mz.error: 0.2666225;RT.error:NA;mz.match.score:0.9999431;RT.match.score:NA;Total.score:0.9999431;CE:NA;SS:0;MS2.spectra.name:NA;Database:t3db_ms1_database;Dataset.index:4"
"nRPLC_165.0557_3.2",165.0557,50,"",3,"Compound.name:Ethyl paraben;CAS.ID:NA;HMDB.ID:NA;KEGG.ID:NA;Lab.ID:Ethyl paraben;Adduct:(M-H)-;mz.error: 0.000000;RT.error:NA;mz.match.score:1.0000000;RT.match.score:NA;Total.score:1.0000000;CE:NA;SS:0;MS2.spectra.name:NA;Database:list1_ms1_database;Dataset.index:1{}Compound.name:Ethylparaben;CAS.ID:NA;HMDB.ID:NA;KEGG.ID:NA;Lab.ID:T3D3978;Adduct:(M-H)-;mz.error: 0.014535;RT.error:NA;mz.match.score:0.9999998;RT.match.score:NA;Total.score:0.9999998;CE:NA;SS:0;MS2.spectra.name:NA;Database:t3db_ms1_database;Dataset.index:4"
"nRPLC_149.0607_4.6",149.0607,90,"",3,"Compound.name:Benzyl acetate;CAS.ID:NA;HMDB.ID:NA;KEGG.ID:NA;Lab.ID:T3D3214;Adduct:(M-H)-;mz.error:0.198910;RT.error:NA;mz.match.score:0.9999683;RT.match.score:NA;Total.score:0.9999683;CE:NA;SS:0;MS2.spectra.name:NA;Database:t3db_ms1_database;Dataset.index:4{}Compound.name:Ethyl benzoate;CAS.ID:NA;HMDB.ID:NA;KEGG.ID:NA;Lab.ID:T3D4935;Adduct:(M-H)-;mz.error:0.198910;RT.error:NA;mz.match.score:0.9999683;RT.match.score:NA;Total.score:0.9999683;CE:NA;SS:0;MS2.spectra.name:NA;Database:t3db_ms1_database;Dataset.index:4"
"nRPLC_201.1133_5.9",201.1133,11,"",2,"Compound.name:Sebacic acid;CAS.ID:NA;HMDB.ID:NA;KEGG.ID:NA;Lab.ID:T3D4883;Adduct:(M-H)-;mz.error: 0.22734;RT.error:NA;mz.match.score:0.9999587;RT.match.score:NA;Total.score:0.9999587;CE:NA;SS:0;MS2.spectra.name:NA;Database:t3db_ms1_database;Dataset.index:4"
"nRPLC_183.1026_6.2",183.1026,31,"",3,"Compound.name:Benzidine;CAS.ID:NA;HMDB.ID:NA;KEGG.ID:NA;Lab.ID:Benzidine;Adduct:(M-H)-;mz.error:24.75000;RT.error:NA;mz.match.score:0.6125958;RT.match.score:NA;Total.score:0.6125958;CE:NA;SS:0;MS2.spectra.name:NA;Database:list2_ms1_database;Dataset.index:2"
"nRPLC_243.1601_7.9",243.1601,31,"",3,"Compound.name:1,1'-Azobis(cyclohexanecarbonitrile);CAS.ID:NA;HMDB.ID:NA;KEGG.ID:NA;Lab.ID:T3D1687;Adduct:(M-H)-;mz.error:3.491650;RT.error:NA;mz.match.score:0.9902941;RT.match.score:NA;Total.score:0.9902941;CE:NA;SS:0;MS2.spectra.name:NA;Database:t3db_ms1_database;Dataset.index:4"
"nRPLC_169.1234_8",169.1234,91,"",2,"Compound.name:4-Hydroxydecenal;CAS.ID:NA;HMDB.ID:NA;KEGG.ID:NA;Lab.ID:T3D4193;Adduct:(M-H)-;mz.error: 0.05045;RT.error:NA;mz.match.score:0.9999980;RT.match.score:NA;Total.score:0.9999980;CE:NA;SS:0;MS2.spectra.name:NA;Database:t3db_ms1_database;Dataset.index:4"
"nRPLC_243.1601_8",243.1601,31,"",3,"Compound.name:1,1'-Azobis(cyclohexanecarbonitrile);CAS.ID:NA;HMDB.ID:NA;KEGG.ID:NA;Lab.ID:T3D1687;Adduct:(M-H)-;mz.error:3.491650;RT.error:NA;mz.match.score:0.9902941;RT.match.score:NA;Total.score:0.9902941;CE:NA;SS:0;MS2.spectra.name:NA;Database:t3db_ms1_database;Dataset.index:4"
"nRPLC_169.1233_8.2",169.1233,91,"",2,"Compound.name:4-Hydroxydecenal;CAS.ID:NA;HMDB.ID:NA;KEGG.ID:NA;Lab.ID:T3D4193;Adduct:(M-H)-;mz.error: 0.19955;RT.error:NA;mz.match.score:0.9999681;RT.match.score:NA;Total.score:0.9999681;CE:NA;SS:0;MS2.spectra.name:NA;Database:t3db_ms1_database;Dataset.index:4"
"nRPLC_243.1601_8.2",243.1601,31,"",3,"Compound.name:1,1'-Azobis(cyclohexanecarbonitrile);CAS.ID:NA;HMDB.ID:NA;KEGG.ID:NA;Lab.ID:T3D1687;Adduct:(M-H)-;mz.error:3.491650;RT.error:NA;mz.match.score:0.9902941;RT.match.score:NA;Total.score:0.9902941;CE:NA;SS:0;MS2.spectra.name:NA;Database:t3db_ms1_database;Dataset.index:4"
"nRPLC_243.1601_8.3",243.1601,31,"",3,"Compound.name:1,1'-Azobis(cyclohexanecarbonitrile);CAS.ID:NA;HMDB.ID:NA;KEGG.ID:NA;Lab.ID:T3D1687;Adduct:(M-H)-;mz.error:3.491650;RT.error:NA;mz.match.score:0.9902941;RT.match.score:NA;Total.score:0.9902941;CE:NA;SS:0;MS2.spectra.name:NA;Database:t3db_ms1_database;Dataset.index:4"
"nRPLC_195.139_8.6",195.139,51,"",3,"Compound.name:Geranyl acetate;CAS.ID:NA;HMDB.ID:NA;KEGG.ID:NA;Lab.ID:T3D4837;Adduct:(M-H)-;mz.error: 0.07471;RT.error:NA;mz.match.score:0.9999955;RT.match.score:NA;Total.score:0.9999955;CE:NA;SS:0;MS2.spectra.name:NA;Database:t3db_ms1_database;Dataset.index:4{}Compound.name:Linalyl acetate;CAS.ID:NA;HMDB.ID:NA;KEGG.ID:NA;Lab.ID:T3D4903;Adduct:(M-H)-;mz.error: 0.07471;RT.error:NA;mz.match.score:0.9999955;RT.match.score:NA;Total.score:0.9999955;CE:NA;SS:0;MS2.spectra.name:NA;Database:t3db_ms1_database;Dataset.index:4"
"nRPLC_389.2699_8.8",389.2699,92,"",3,"Compound.name:Di-n-octylphthalate;CAS.ID:NA;HMDB.ID:NA;KEGG.ID:NA;Lab.ID:Di-n-octylphthalate;Adduct:(M-H)-;mz.error:0.50000;RT.error:NA;mz.match.score:0.999800;RT.match.score:NA;Total.score:0.999800;CE:NA;SS:0;MS2.spectra.name:NA;Database:list2_ms1_database;Dataset.index:2{}Compound.name:bis(2-Ethylhexyl)phthalate;CAS.ID:NA;HMDB.ID:NA;KEGG.ID:NA;Lab.ID:bis(2-Ethylhexyl)phthalate;Adduct:(M-H)-;mz.error:0.50000;RT.error:NA;mz.match.score:0.999800;RT.match.score:NA;Total.score:0.999800;CE:NA;SS:0;MS2.spectra.name:NA;Database:list2_ms1_database;Dataset.index:2{}Compound.name:Di(2-ethylhexyl)phthalate;CAS.ID:NA;HMDB.ID:NA;KEGG.ID:NA;Lab.ID:T3D0076;Adduct:(M-H)-;mz.error:0.47574;RT.error:NA;mz.match.score:0.999819;RT.match.score:NA;Total.score:0.999819;CE:NA;SS:0;MS2.spectra.name:NA;Database:t3db_ms1_database;Dataset.index:4"
"nRPLC_367.1585_8.9",367.1585,71,"",3,"Compound.name:Dehydroepiandrosterone sulfate;CAS.ID:NA;HMDB.ID:NA;KEGG.ID:NA;Lab.ID:T3D4242;Adduct:(M-H)-;mz.error: 0.13826;RT.error:NA;mz.match.score:0.9999847;RT.match.score:NA;Total.score:0.9999847;CE:NA;SS:0;MS2.spectra.name:NA;Database:t3db_ms1_database;Dataset.index:4"
"nRPLC_281.1394_9",281.1394,11,"",3,"Compound.name:Octyl gallate;CAS.ID:NA;HMDB.ID:NA;KEGG.ID:NA;Lab.ID:T3D4831;Adduct:(M-H)-;mz.error: 0.059535;RT.error:NA;mz.match.score:0.9999972;RT.match.score:NA;Total.score:0.9999972;CE:NA;SS:0;MS2.spectra.name:NA;Database:t3db_ms1_database;Dataset.index:4"
"nRPLC_389.27_9.4",389.27,92,"",3,"Compound.name:Di-n-octylphthalate;CAS.ID:NA;HMDB.ID:NA;KEGG.ID:NA;Lab.ID:Di-n-octylphthalate;Adduct:(M-H)-;mz.error:0.75000;RT.error:NA;mz.match.score:0.9995501;RT.match.score:NA;Total.score:0.9995501;CE:NA;SS:0;MS2.spectra.name:NA;Database:list2_ms1_database;Dataset.index:2{}Compound.name:bis(2-Ethylhexyl)phthalate;CAS.ID:NA;HMDB.ID:NA;KEGG.ID:NA;Lab.ID:bis(2-Ethylhexyl)phthalate;Adduct:(M-H)-;mz.error:0.75000;RT.error:NA;mz.match.score:0.9995501;RT.match.score:NA;Total.score:0.9995501;CE:NA;SS:0;MS2.spectra.name:NA;Database:list2_ms1_database;Dataset.index:2{}Compound.name:Di(2-ethylhexyl)phthalate;CAS.ID:NA;HMDB.ID:NA;KEGG.ID:NA;Lab.ID:T3D0076;Adduct:(M-H)-;mz.error:0.72574;RT.error:NA;mz.match.score:0.9995787;RT.match.score:NA;Total.score:0.9995787;CE:NA;SS:0;MS2.spectra.name:NA;Database:t3db_ms1_database;Dataset.index:4"
"nRPLC_371.1881_9.5",371.1881,11,"",3,"Compound.name:Pyrethrum;CAS.ID:NA;HMDB.ID:NA;KEGG.ID:NA;Lab.ID:T3D0233;Adduct:(M-H)-;mz.error: 4.314985;RT.error:NA;mz.match.score:0.9852151;RT.match.score:NA;Total.score:0.9852151;CE:NA;SS:0;MS2.spectra.name:NA;Database:t3db_ms1_database;Dataset.index:4{}Compound.name:Pyrethrin II;CAS.ID:NA;HMDB.ID:NA;KEGG.ID:NA;Lab.ID:T3D1858;Adduct:(M-H)-;mz.error: 4.314985;RT.error:NA;mz.match.score:0.9852151;RT.match.score:NA;Total.score:0.9852151;CE:NA;SS:0;MS2.spectra.name:NA;Database:t3db_ms1_database;Dataset.index:4"
"nRPLC_285.2072_9.6",285.2072,52,"",3,"Compound.name:2,2,4-Trimethyl-1,3-pentadienol diisobutyrate;CAS.ID:NA;HMDB.ID:NA;KEGG.ID:NA;Lab.ID:T3D4990;Adduct:(M-H)-;mz.error: 0.226380;RT.error:NA;mz.match.score:0.9999590;RT.match.score:NA;Total.score:0.9999590;CE:NA;SS:0;MS2.spectra.name:NA;Database:t3db_ms1_database;Dataset.index:4"
"nRPLC_295.2279_9.6",295.2279,52,"",3,"Compound.name:Musk xylene;CAS.ID:NA;HMDB.ID:NA;KEGG.ID:NA;Lab.ID:Musk xylene;Adduct:(M-H)-;mz.error:16.331102;RT.error:NA;mz.match.score:0.8078621;RT.match.score:NA;Total.score:0.8078621;CE:NA;SS:0;MS2.spectra.name:NA;Database:select_exposome_ms1_database;Dataset.index:3"
"nRPLC_313.2385_9.9",313.2385,32,"",1,"Compound.name:Dibutyl decanedioate;CAS.ID:NA;HMDB.ID:NA;KEGG.ID:NA;Lab.ID:T3D4842;Adduct:(M-H)-;mz.error:0.22606;RT.error:NA;mz.match.score:0.9999591;RT.match.score:NA;Total.score:0.9999591;CE:NA;SS:0;MS2.spectra.name:NA;Database:t3db_ms1_database;Dataset.index:4"
"nRPLC_313.2385_10.3",313.2385,32,"",1,"Compound.name:Dibutyl decanedioate;CAS.ID:NA;HMDB.ID:NA;KEGG.ID:NA;Lab.ID:T3D4842;Adduct:(M-H)-;mz.error:0.22606;RT.error:NA;mz.match.score:0.9999591;RT.match.score:NA;Total.score:0.9999591;CE:NA;SS:0;MS2.spectra.name:NA;Database:t3db_ms1_database;Dataset.index:4"
"nRPLC_389.2702_10.4",389.2702,92,"",3,"Compound.name:Di-n-octylphthalate;CAS.ID:NA;HMDB.ID:NA;KEGG.ID:NA;Lab.ID:Di-n-octylphthalate;Adduct:(M-H)-;mz.error:1.25000;RT.error:NA;mz.match.score:0.9987508;RT.match.score:NA;Total.score:0.9987508;CE:NA;SS:0;MS2.spectra.name:NA;Database:list2_ms1_database;Dataset.index:2{}Compound.name:bis(2-Ethylhexyl)phthalate;CAS.ID:NA;HMDB.ID:NA;KEGG.ID:NA;Lab.ID:bis(2-Ethylhexyl)phthalate;Adduct:(M-H)-;mz.error:1.25000;RT.error:NA;mz.match.score:0.9987508;RT.match.score:NA;Total.score:0.9987508;CE:NA;SS:0;MS2.spectra.name:NA;Database:list2_ms1_database;Dataset.index:2{}Compound.name:Di(2-ethylhexyl)phthalate;CAS.ID:NA;HMDB.ID:NA;KEGG.ID:NA;Lab.ID:T3D0076;Adduct:(M-H)-;mz.error:1.22574;RT.error:NA;mz.match.score:0.9987988;RT.match.score:NA;Total.score:0.9987988;CE:NA;SS:0;MS2.spectra.name:NA;Database:t3db_ms1_database;Dataset.index:4"
"nRPLC_445.3323_11",445.3323,53,"",1,"Compound.name:Diisodecyl phthalate;CAS.ID:NA;HMDB.ID:NA;KEGG.ID:NA;Lab.ID:T3D3645;Adduct:(M-H)-;mz.error:0.02236532;RT.error:NA;mz.match.score:0.9999996;RT.match.score:NA;Total.score:0.9999996;CE:NA;SS:0;MS2.spectra.name:NA;Database:t3db_ms1_database;Dataset.index:4"
"nRPLC_399.3268_11.1",399.3268,93,"",1,"Compound.name:Calcidiol;CAS.ID:NA;HMDB.ID:NA;KEGG.ID:NA;Lab.ID:T3D2694;Adduct:(M-H)-;mz.error:0.07663;RT.error:NA;mz.match.score:0.9999953;RT.match.score:NA;Total.score:0.9999953;CE:NA;SS:0;MS2.spectra.name:NA;Database:t3db_ms1_database;Dataset.index:4"
"nRPLC_445.3324_11.2",445.3324,53,"",1,"Compound.name:Diisodecyl phthalate;CAS.ID:NA;HMDB.ID:NA;KEGG.ID:NA;Lab.ID:T3D3645;Adduct:(M-H)-;mz.error:0.2021861;RT.error:NA;mz.match.score:0.9999673;RT.match.score:NA;Total.score:0.9999673;CE:NA;SS:0;MS2.spectra.name:NA;Database:t3db_ms1_database;Dataset.index:4"
"nRPLC_445.3324_11.4",445.3324,53,"",1,"Compound.name:Diisodecyl phthalate;CAS.ID:NA;HMDB.ID:NA;KEGG.ID:NA;Lab.ID:T3D3645;Adduct:(M-H)-;mz.error:0.2021861;RT.error:NA;mz.match.score:0.9999673;RT.match.score:NA;Total.score:0.9999673;CE:NA;SS:0;MS2.spectra.name:NA;Database:t3db_ms1_database;Dataset.index:4"
"nRPLC_311.2957_11.4",311.2957,12,"",3,"Compound.name:Phytanic acid;CAS.ID:NA;HMDB.ID:NA;KEGG.ID:NA;Lab.ID:T3D4454;Adduct:(M-H)-;mz.error:0.42369;RT.error:NA;mz.match.score:0.9998564;RT.match.score:NA;Total.score:0.9998564;CE:NA;SS:0;MS2.spectra.name:NA;Database:t3db_ms1_database;Dataset.index:4"
"nRPLC_415.3217_11.4",415.3217,53,"",2,"Compound.name:Calcitriol;CAS.ID:NA;HMDB.ID:NA;KEGG.ID:NA;Lab.ID:T3D2692;Adduct:(M-H)-;mz.error: 0.1090095;RT.error:NA;mz.match.score:0.9999905;RT.match.score:NA;Total.score:0.9999905;CE:NA;SS:0;MS2.spectra.name:NA;Database:t3db_ms1_database;Dataset.index:4"
"nRPLC_415.3217_10.9",415.3217,53,"",2,"Compound.name:Calcitriol;CAS.ID:NA;HMDB.ID:NA;KEGG.ID:NA;Lab.ID:T3D2692;Adduct:(M-H)-;mz.error: 0.1090095;RT.error:NA;mz.match.score:0.9999905;RT.match.score:NA;Total.score:0.9999905;CE:NA;SS:0;MS2.spectra.name:NA;Database:t3db_ms1_database;Dataset.index:4"
"nRPLC_417.3009_10.8",417.3009,73,"",3,"Compound.name:Diisononyl phthalate;CAS.ID:NA;HMDB.ID:NA;KEGG.ID:NA;Lab.ID:T3D3648;Adduct:(M-H)-;mz.error: 0.2631962;RT.error:NA;mz.match.score:0.9999446;RT.match.score:NA;Total.score:0.9999446;CE:NA;SS:0;MS2.spectra.name:NA;Database:t3db_ms1_database;Dataset.index:4"
"nRPLC_227.2017_10.2",227.2017,72,"",3,"Compound.name:Myristic acid;CAS.ID:NA;HMDB.ID:NA;KEGG.ID:NA;Lab.ID:T3D4599;Adduct:(M-H)-;mz.error:0.17465;RT.error:NA;mz.match.score:0.9999756;RT.match.score:NA;Total.score:0.9999756;CE:NA;SS:0;MS2.spectra.name:NA;Database:t3db_ms1_database;Dataset.index:4"
"nRPLC_295.2278_9.9",295.2278,52,"",3,"Compound.name:Musk xylene;CAS.ID:NA;HMDB.ID:NA;KEGG.ID:NA;Lab.ID:Musk xylene;Adduct:(M-H)-;mz.error:16.081102;RT.error:NA;mz.match.score:0.8131160;RT.match.score:NA;Total.score:0.8131160;CE:NA;SS:0;MS2.spectra.name:NA;Database:select_exposome_ms1_database;Dataset.index:3"
"nRPLC_199.1704_9.5",199.1704,91,"",3,"Compound.name:Dodecanoic acid;CAS.ID:NA;HMDB.ID:NA;KEGG.ID:NA;Lab.ID:T3D4596;Adduct:(M-H)-;mz.error:0.17497;RT.error:NA;mz.match.score:0.9999755;RT.match.score:NA;Total.score:0.9999755;CE:NA;SS:0;MS2.spectra.name:NA;Database:t3db_ms1_database;Dataset.index:4"
"nRPLC_285.2071_9.2",285.2071,52,"",3,"Compound.name:2,2,4-Trimethyl-1,3-pentadienol diisobutyrate;CAS.ID:NA;HMDB.ID:NA;KEGG.ID:NA;Lab.ID:T3D4990;Adduct:(M-H)-;mz.error: 0.023620;RT.error:NA;mz.match.score:0.9999996;RT.match.score:NA;Total.score:0.9999996;CE:NA;SS:0;MS2.spectra.name:NA;Database:t3db_ms1_database;Dataset.index:4"
"nRPLC_313.2386_9.1",313.2386,32,"",1,"Compound.name:Dibutyl decanedioate;CAS.ID:NA;HMDB.ID:NA;KEGG.ID:NA;Lab.ID:T3D4842;Adduct:(M-H)-;mz.error:0.47606;RT.error:NA;mz.match.score:0.9998187;RT.match.score:NA;Total.score:0.9998187;CE:NA;SS:0;MS2.spectra.name:NA;Database:t3db_ms1_database;Dataset.index:4"
"nRPLC_371.1887_9.1",371.1887,11,"",2,"Compound.name:Pyrethrum;CAS.ID:NA;HMDB.ID:NA;KEGG.ID:NA;Lab.ID:T3D0233;Adduct:(M-H)-;mz.error:5.814985;RT.error:NA;mz.match.score:0.9733114;RT.match.score:NA;Total.score:0.9733114;CE:NA;SS:0;MS2.spectra.name:NA;Database:t3db_ms1_database;Dataset.index:4{}Compound.name:Pyrethrin II;CAS.ID:NA;HMDB.ID:NA;KEGG.ID:NA;Lab.ID:T3D1858;Adduct:(M-H)-;mz.error:5.814985;RT.error:NA;mz.match.score:0.9733114;RT.match.score:NA;Total.score:0.9733114;CE:NA;SS:0;MS2.spectra.name:NA;Database:t3db_ms1_database;Dataset.index:4"
"nRPLC_464.3015_8.8",464.3015,43,"",1,"Compound.name:Perfluorononanoic acid (PFNA);CAS.ID:NA;HMDB.ID:NA;KEGG.ID:NA;Lab.ID:Perfluorononanoic acid (PFNA);Adduct:(M-H)-;mz.error:19.06306;RT.error:NA;mz.match.score:0.747725;RT.match.score:NA;Total.score:0.747725;CE:NA;SS:0;MS2.spectra.name:NA;Database:select_exposome_ms1_database;Dataset.index:3"
"nRPLC_367.1582_8.7",367.1582,71,"",3,"Compound.name:Dehydroepiandrosterone sulfate;CAS.ID:NA;HMDB.ID:NA;KEGG.ID:NA;Lab.ID:T3D4242;Adduct:(M-H)-;mz.error: 0.61174;RT.error:NA;mz.match.score:0.9997007;RT.match.score:NA;Total.score:0.9997007;CE:NA;SS:0;MS2.spectra.name:NA;Database:t3db_ms1_database;Dataset.index:4"
"nRPLC_239.1653_8.5",239.1653,91,"",3,"Compound.name:Costaclavine;CAS.ID:NA;HMDB.ID:NA;KEGG.ID:NA;Lab.ID:T3D3696;Adduct:(M-H)-;mz.error:24.87837;RT.error:NA;mz.match.score:0.6094814;RT.match.score:NA;Total.score:0.6094814;CE:NA;SS:0;MS2.spectra.name:NA;Database:t3db_ms1_database;Dataset.index:4"
"nRPLC_183.139_8.5",183.139,31,"",1,"Compound.name:Undecylenic acid;CAS.ID:NA;HMDB.ID:NA;KEGG.ID:NA;Lab.ID:T3D4847;Adduct:(M-H)-;mz.error:0.07471;RT.error:NA;mz.match.score:0.9999955;RT.match.score:NA;Total.score:0.9999955;CE:NA;SS:0;MS2.spectra.name:NA;Database:t3db_ms1_database;Dataset.index:4"
"nRPLC_199.1703_7.7",199.1703,91,"",3,"Compound.name:Dodecanoic acid;CAS.ID:NA;HMDB.ID:NA;KEGG.ID:NA;Lab.ID:T3D4596;Adduct:(M-H)-;mz.error:0.07503;RT.error:NA;mz.match.score:0.9999955;RT.match.score:NA;Total.score:0.9999955;CE:NA;SS:0;MS2.spectra.name:NA;Database:t3db_ms1_database;Dataset.index:4"
"nRPLC_163.0765_7.4",163.0765,30,"",3,"Compound.name:Carbofuran phenol;CAS.ID:NA;HMDB.ID:NA;KEGG.ID:NA;Lab.ID:Carbofuran phenol;Adduct:(M-H)-;mz.error:0.50000;RT.error:NA;mz.match.score:0.9998000;RT.match.score:NA;Total.score:0.9998000;CE:NA;SS:0;MS2.spectra.name:NA;Database:list1_ms1_database;Dataset.index:1{}Compound.name:Eugenol;CAS.ID:NA;HMDB.ID:NA;KEGG.ID:NA;Lab.ID:T3D4879;Adduct:(M-H)-;mz.error:0.17593;RT.error:NA;mz.match.score:0.9999752;RT.match.score:NA;Total.score:0.9999752;CE:NA;SS:0;MS2.spectra.name:NA;Database:t3db_ms1_database;Dataset.index:4{}Compound.name:Isoeugenol;CAS.ID:NA;HMDB.ID:NA;KEGG.ID:NA;Lab.ID:T3D4880;Adduct:(M-H)-;mz.error:0.17593;RT.error:NA;mz.match.score:0.9999752;RT.match.score:NA;Total.score:0.9999752;CE:NA;SS:0;MS2.spectra.name:NA;Database:t3db_ms1_database;Dataset.index:4"
"nRPLC_165.092_7.2",165.092,50,"",3,"Compound.name:Cyromazine;CAS.ID:NA;HMDB.ID:NA;KEGG.ID:NA;Lab.ID:Cyromazine;Adduct:(M-H)-;mz.error: 5.75000;RT.error:NA;mz.match.score:0.9738967;RT.match.score:NA;Total.score:0.9738967;CE:NA;SS:0;MS2.spectra.name:NA;Database:list1_ms1_database;Dataset.index:1{}Compound.name:2-Methoxy-4-propylphenol;CAS.ID:NA;HMDB.ID:NA;KEGG.ID:NA;Lab.ID:T3D3230;Adduct:(M-H)-;mz.error: 0.19923;RT.error:NA;mz.match.score:0.9999682;RT.match.score:NA;Total.score:0.9999682;CE:NA;SS:0;MS2.spectra.name:NA;Database:t3db_ms1_database;Dataset.index:4"
"nRPLC_239.0924_7.1",239.0924,90,"",3,"Compound.name:3-Carboxy-4-methyl-5-propyl-2-furan-propanoic acid;CAS.ID:NA;HMDB.ID:NA;KEGG.ID:NA;Lab.ID:T3D4197;Adduct:(M-H)-;mz.error: 0.184055;RT.error:NA;mz.match.score:0.9999729;RT.match.score:NA;Total.score:0.9999729;CE:NA;SS:0;MS2.spectra.name:NA;Database:t3db_ms1_database;Dataset.index:4"
"nRPLC_165.092_7",165.092,50,"",3,"Compound.name:Cyromazine;CAS.ID:NA;HMDB.ID:NA;KEGG.ID:NA;Lab.ID:Cyromazine;Adduct:(M-H)-;mz.error: 5.75000;RT.error:NA;mz.match.score:0.9738967;RT.match.score:NA;Total.score:0.9738967;CE:NA;SS:0;MS2.spectra.name:NA;Database:list1_ms1_database;Dataset.index:1{}Compound.name:2-Methoxy-4-propylphenol;CAS.ID:NA;HMDB.ID:NA;KEGG.ID:NA;Lab.ID:T3D3230;Adduct:(M-H)-;mz.error: 0.19923;RT.error:NA;mz.match.score:0.9999682;RT.match.score:NA;Total.score:0.9999682;CE:NA;SS:0;MS2.spectra.name:NA;Database:t3db_ms1_database;Dataset.index:4"
"nRPLC_201.1133_6.3",201.1133,11,"",2,"Compound.name:Sebacic acid;CAS.ID:NA;HMDB.ID:NA;KEGG.ID:NA;Lab.ID:T3D4883;Adduct:(M-H)-;mz.error: 0.22734;RT.error:NA;mz.match.score:0.9999587;RT.match.score:NA;Total.score:0.9999587;CE:NA;SS:0;MS2.spectra.name:NA;Database:t3db_ms1_database;Dataset.index:4"
"nRPLC_183.1026_5.5",183.1026,31,"",3,"Compound.name:Benzidine;CAS.ID:NA;HMDB.ID:NA;KEGG.ID:NA;Lab.ID:Benzidine;Adduct:(M-H)-;mz.error:24.75000;RT.error:NA;mz.match.score:0.6125958;RT.match.score:NA;Total.score:0.6125958;CE:NA;SS:0;MS2.spectra.name:NA;Database:list2_ms1_database;Dataset.index:2"
"nRPLC_187.0976_5.4",187.0976,70,"",3,"Compound.name:Azelaic Acid;CAS.ID:NA;HMDB.ID:NA;KEGG.ID:NA;Lab.ID:T3D4799;Adduct:(M-H)-;mz.error:0.10250;RT.error:NA;mz.match.score:0.9999916;RT.match.score:NA;Total.score:0.9999916;CE:NA;SS:0;MS2.spectra.name:NA;Database:t3db_ms1_database;Dataset.index:4"
"nRPLC_183.1025_5.1",183.1025,31,"",3,"Compound.name:Benzidine;CAS.ID:NA;HMDB.ID:NA;KEGG.ID:NA;Lab.ID:Benzidine;Adduct:(M-H)-;mz.error:24.50000;RT.error:NA;mz.match.score:0.6186596;RT.match.score:NA;Total.score:0.6186596;CE:NA;SS:0;MS2.spectra.name:NA;Database:list2_ms1_database;Dataset.index:2"
"nRPLC_206.0821_3.4",206.0821,60,"",3,"Compound.name:Decarbofuran;CAS.ID:NA;HMDB.ID:NA;KEGG.ID:NA;Lab.ID:T3D0954;Adduct:(M-H)-;mz.error: 0.3582175;RT.error:NA;mz.match.score:0.9998973;RT.match.score:NA;Total.score:0.9998973;CE:NA;SS:0;MS2.spectra.name:NA;Database:t3db_ms1_database;Dataset.index:4"
"nRPLC_188.0352_3.1",188.0352,80,"",3,"Compound.name:Tricyclazole;CAS.ID:NA;HMDB.ID:NA;KEGG.ID:NA;Lab.ID:Tricyclazole;Adduct:(M-H)-;mz.error:16.25;RT.error:NA;mz.match.score:0.8095716;RT.match.score:NA;Total.score:0.8095716;CE:NA;SS:0;MS2.spectra.name:NA;Database:list1_ms1_database;Dataset.index:1{}Compound.name:Tricyclazole;CAS.ID:NA;HMDB.ID:NA;KEGG.ID:NA;Lab.ID:Tricyclazole;Adduct:(M-H)-;mz.error:16.00;RT.error:NA;mz.match.score:0.8148103;RT.match.score:NA;Total.score:0.8148103;CE:NA;SS:0;MS2.spectra.name:NA;Database:list2_ms1_database;Dataset.index:2"
"nRPLC_151.04_2.3",151.04,10,"",3,"Compound.name:Methyl paraben;CAS.ID:NA;HMDB.ID:NA;KEGG.ID:NA;Lab.ID:Methyl paraben;Adduct:(M-H)-;mz.error:0.750000;RT.error:NA;mz.match.score:0.9995501;RT.match.score:NA;Total.score:0.9995501;CE:NA;SS:0;MS2.spectra.name:NA;Database:list1_ms1_database;Dataset.index:1{}Compound.name:Methylparaben;CAS.ID:NA;HMDB.ID:NA;KEGG.ID:NA;Lab.ID:T3D3977;Adduct:(M-H)-;mz.error:0.110305;RT.error:NA;mz.match.score:0.9999903;RT.match.score:NA;Total.score:0.9999903;CE:NA;SS:0;MS2.spectra.name:NA;Database:t3db_ms1_database;Dataset.index:4"
"nRPLC_117.0557_0.6",117.0557,70,"",1,"Compound.name:3-Hydroxyisovaleric acid;CAS.ID:NA;HMDB.ID:NA;KEGG.ID:NA;Lab.ID:T3D4263;Adduct:(M-H)-;mz.error:0.014535;RT.error:NA;mz.match.score:0.9999998;RT.match.score:NA;Total.score:0.9999998;CE:NA;SS:0;MS2.spectra.name:NA;Database:t3db_ms1_database;Dataset.index:4"
